Customer_ID,Last_Order_Date,Order_Frequency,Spend,Discount_Used,App_Usage,Delivery_Issues,Churn
1,2023-01-01,6,102.8,Yes,High,No,No
2,2023-01-02,3,422.74,Yes,Medium,No,Yes
3,2023-01-03,4,404.5,No,Medium,Yes,Yes
4,2023-01-04,3,294.69,Yes,Medium,No,No
5,2023-01-05,4,257.29,No,High,No,No
6,2023-01-06,14,446.67,No,Medium,No,No
7,2023-01-07,12,271.15,No,High,No,No
8,2023-01-08,7,96.89,No,Low,No,No
9,2023-01-09,11,81.05,No,High,No,No
10,2023-01-10,11,93.38,No,Medium,Yes,No
11,2023-01-11,10,129.18,No,Medium,No,No
12,2023-01-12,14,251.33,Yes,Medium,No,Yes
13,2023-01-13,4,94.95,No,Medium,No,Yes
14,2023-01-14,5,469.82,No,Medium,No,No
15,2023-01-15,11,456.26,Yes,Low,Yes,No
16,2023-01-16,8,178.2,No,Medium,Yes,No
17,2023-01-17,14,134.36,No,High,Yes,No
18,2023-01-18,10,85.37,No,High,Yes,No
19,2023-01-19,8,59.96,No,Low,No,No
20,2023-01-20,12,431.24,Yes,Medium,No,No
21,2023-01-21,11,123.69,No,Low,Yes,No
22,2023-01-22,9,133.83,No,Low,No,No
23,2023-01-23,7,392.9,No,Medium,No,Yes
24,2023-01-24,4,367.93,Yes,Medium,Yes,No
25,2023-01-25,8,95.86,Yes,Medium,No,No
26,2023-01-26,12,231.14,No,High,Yes,No
27,2023-01-27,5,375.52,No,High,No,No
28,2023-01-28,14,478.24,No,High,No,No
29,2023-01-29,13,413.08,Yes,High,No,No
30,2023-01-30,11,386.0,Yes,Low,No,No
31,2023-01-31,2,383.77,No,Medium,Yes,No
32,2023-02-01,6,262.03,Yes,Medium,No,Yes
33,2023-02-02,7,468.7,Yes,High,Yes,No
34,2023-02-03,3,303.13,No,High,No,No
35,2023-02-04,3,489.05,Yes,High,Yes,No
36,2023-02-05,10,479.55,No,High,No,No
37,2023-02-06,7,129.22,Yes,Low,Yes,Yes
38,2023-02-07,11,105.65,No,Medium,No,Yes
39,2023-02-08,1,113.8,Yes,Medium,Yes,No
40,2023-02-09,11,441.99,No,Low,Yes,No
41,2023-02-10,1,489.65,Yes,High,Yes,No
42,2023-02-11,3,482.77,No,High,No,Yes
43,2023-02-12,3,136.25,Yes,Low,Yes,Yes
44,2023-02-13,2,299.56,Yes,High,Yes,No
45,2023-02-14,10,384.71,No,Medium,No,No
46,2023-02-15,3,295.41,No,High,No,No
47,2023-02-16,11,305.71,Yes,Low,No,No
48,2023-02-17,7,250.52,No,High,Yes,No
49,2023-02-18,5,485.91,No,Medium,No,No
50,2023-02-19,11,158.65,Yes,Medium,No,No
51,2023-02-20,12,227.92,Yes,Low,No,No
52,2023-02-21,1,170.42,No,Medium,No,Yes
53,2023-02-22,5,364.16,Yes,High,No,No
54,2023-02-23,7,334.26,No,Medium,No,Yes
55,2023-02-24,12,388.26,No,Medium,No,No
56,2023-02-25,7,88.06,Yes,High,No,No
57,2023-02-26,2,56.58,No,Medium,No,No
58,2023-02-27,4,450.53,Yes,Medium,No,No
59,2023-02-28,9,361.84,Yes,High,No,Yes
60,2023-03-01,8,480.52,No,Medium,No,No
61,2023-03-02,12,220.95,Yes,High,No,No
62,2023-03-03,14,283.01,No,Low,Yes,Yes
63,2023-03-04,11,311.87,Yes,High,No,Yes
64,2023-03-05,1,218.66,No,High,Yes,Yes
65,2023-03-06,11,282.63,No,Medium,No,Yes
66,2023-03-07,5,225.51,Yes,High,No,No
67,2023-03-08,4,190.7,Yes,Medium,No,No
68,2023-03-09,7,242.13,Yes,Low,No,No
69,2023-03-10,11,268.54,Yes,Low,No,No
70,2023-03-11,4,62.76,Yes,High,Yes,No
71,2023-03-12,13,176.82,Yes,High,No,No
72,2023-03-13,14,185.49,No,High,No,No
73,2023-03-14,12,169.89,Yes,High,No,Yes
74,2023-03-15,12,83.51,Yes,Low,No,Yes
75,2023-03-16,12,433.59,No,Low,No,No
76,2023-03-17,8,147.49,Yes,Medium,No,No
77,2023-03-18,13,273.89,No,High,No,No
78,2023-03-19,9,62.53,No,Medium,No,No
79,2023-03-20,1,133.34,No,Medium,No,No
80,2023-03-21,13,353.11,No,Low,No,Yes
81,2023-03-22,10,369.58,Yes,Low,Yes,Yes
82,2023-03-23,7,70.97,No,Low,No,No
83,2023-03-24,1,365.47,No,Low,No,No
84,2023-03-25,5,63.59,Yes,High,No,No
85,2023-03-26,3,438.0,No,High,No,Yes
86,2023-03-27,1,188.33,No,Medium,No,No
87,2023-03-28,9,470.51,No,Medium,Yes,Yes
88,2023-03-29,3,167.36,Yes,High,No,No
89,2023-03-30,10,250.08,No,Low,No,Yes
90,2023-03-31,11,440.66,Yes,Low,No,Yes
91,2023-04-01,4,321.27,Yes,Low,Yes,No
92,2023-04-02,2,368.02,No,High,No,Yes
93,2023-04-03,1,279.12,No,Medium,No,No
94,2023-04-04,14,115.86,No,High,Yes,No
95,2023-04-05,7,410.03,Yes,Low,No,Yes
96,2023-04-06,2,428.28,Yes,Low,No,Yes
97,2023-04-07,11,463.55,No,Low,No,No
98,2023-04-08,9,467.56,Yes,Medium,No,No
99,2023-04-09,8,139.1,Yes,High,Yes,No
100,2023-04-10,4,277.5,Yes,Low,No,No
101,2023-04-11,14,171.39,Yes,Medium,No,Yes
102,2023-04-12,9,483.03,Yes,High,No,Yes
103,2023-04-13,12,258.24,Yes,High,No,No
104,2023-04-14,11,153.14,No,Medium,No,No
105,2023-04-15,8,457.66,Yes,Low,Yes,Yes
106,2023-04-16,7,370.05,No,High,Yes,No
107,2023-04-17,9,141.86,Yes,Medium,Yes,No
108,2023-04-18,9,79.41,No,High,No,No
109,2023-04-19,13,187.62,No,High,No,No
110,2023-04-20,13,333.14,Yes,Medium,Yes,No
111,2023-04-21,9,202.51,No,Low,Yes,No
112,2023-04-22,9,221.25,No,Low,No,No
113,2023-04-23,9,379.3,No,Medium,Yes,No
114,2023-04-24,2,451.72,No,Low,No,Yes
115,2023-04-25,14,480.74,Yes,Medium,No,Yes
116,2023-04-26,11,236.7,No,Medium,Yes,No
117,2023-04-27,8,343.3,Yes,Low,No,No
118,2023-04-28,1,110.06,Yes,Low,No,Yes
119,2023-04-29,8,195.75,Yes,Low,No,Yes
120,2023-04-30,3,53.31,No,High,No,Yes
121,2023-05-01,4,215.56,No,Low,Yes,No
122,2023-05-02,14,339.96,Yes,High,No,No
123,2023-05-03,6,378.86,Yes,Low,Yes,No
124,2023-05-04,2,271.33,No,High,Yes,Yes
125,2023-05-05,1,246.66,No,Medium,No,Yes
126,2023-05-06,9,252.42,No,High,No,No
127,2023-05-07,7,225.9,Yes,Low,No,Yes
128,2023-05-08,5,326.34,No,Medium,No,No
129,2023-05-09,9,91.76,No,High,Yes,No
130,2023-05-10,2,484.16,No,Low,No,Yes
131,2023-05-11,12,70.17,No,Low,Yes,Yes
132,2023-05-12,2,163.01,Yes,High,No,No
133,2023-05-13,2,80.1,Yes,High,Yes,No
134,2023-05-14,14,112.45,No,Medium,No,No
135,2023-05-15,9,382.67,Yes,High,Yes,No
136,2023-05-16,6,319.2,Yes,Low,No,No
137,2023-05-17,3,334.24,No,High,No,No
138,2023-05-18,5,90.18,Yes,Low,Yes,No
139,2023-05-19,4,174.38,Yes,High,Yes,No
140,2023-05-20,12,446.76,Yes,Low,No,No
141,2023-05-21,3,73.61,No,High,No,No
142,2023-05-22,3,413.19,Yes,Medium,No,No
143,2023-05-23,3,86.89,No,Medium,No,No
144,2023-05-24,6,64.29,No,High,No,Yes
145,2023-05-25,5,483.3,Yes,Medium,No,No
146,2023-05-26,13,350.26,No,Medium,No,No
147,2023-05-27,2,332.12,No,Low,No,Yes
148,2023-05-28,8,61.97,No,Low,No,No
149,2023-05-29,11,251.32,No,High,No,Yes
150,2023-05-30,10,294.14,Yes,Low,Yes,No
151,2023-05-31,11,313.17,Yes,High,No,Yes
152,2023-06-01,10,115.82,Yes,Medium,No,No
153,2023-06-02,12,492.91,Yes,Low,No,No
154,2023-06-03,13,366.27,Yes,Medium,No,No
155,2023-06-04,9,107.8,No,Medium,No,Yes
156,2023-06-05,10,379.18,No,Medium,No,No
157,2023-06-06,9,450.57,Yes,Medium,No,No
158,2023-06-07,9,405.45,No,Medium,No,Yes
159,2023-06-08,1,311.71,No,High,Yes,No
160,2023-06-09,13,96.62,Yes,High,No,Yes
161,2023-06-10,3,347.63,Yes,High,No,No
162,2023-06-11,5,156.82,No,Low,No,No
163,2023-06-12,6,56.42,No,Low,No,Yes
164,2023-06-13,12,299.31,Yes,Low,No,No
165,2023-06-14,7,177.41,No,High,Yes,No
166,2023-06-15,7,226.66,No,Low,No,No
167,2023-06-16,11,195.22,Yes,High,Yes,No
168,2023-06-17,9,268.49,No,Low,No,Yes
169,2023-06-18,11,454.39,No,High,No,Yes
170,2023-06-19,11,357.69,Yes,High,No,No
171,2023-06-20,14,237.12,No,Low,No,No
172,2023-06-21,4,145.38,No,Medium,No,No
173,2023-06-22,2,292.86,Yes,Medium,No,No
174,2023-06-23,10,301.24,Yes,Medium,No,No
175,2023-06-24,1,373.0,No,High,No,Yes
176,2023-06-25,14,111.44,No,High,No,No
177,2023-06-26,10,459.56,Yes,Medium,Yes,Yes
178,2023-06-27,6,466.8,Yes,Medium,Yes,No
179,2023-06-28,13,478.34,No,High,No,Yes
180,2023-06-29,5,95.74,Yes,High,No,No
181,2023-06-30,4,410.62,No,Medium,No,No
182,2023-07-01,1,494.67,Yes,Medium,No,Yes
183,2023-07-02,4,266.37,No,Medium,Yes,No
184,2023-07-03,9,291.84,No,Low,No,No
185,2023-07-04,6,74.51,No,Low,No,Yes
186,2023-07-05,3,271.86,Yes,Low,No,No
187,2023-07-06,14,498.95,No,Medium,No,Yes
188,2023-07-07,11,257.18,No,High,No,No
189,2023-07-08,11,297.91,No,Low,No,Yes
190,2023-07-09,5,358.9,Yes,High,No,No
191,2023-07-10,14,73.35,Yes,Low,No,Yes
192,2023-07-11,2,324.8,No,Medium,No,No
193,2023-07-12,9,402.86,Yes,Low,No,No
194,2023-07-13,4,93.43,No,Medium,No,Yes
195,2023-07-14,5,179.49,No,Low,No,No
196,2023-07-15,3,67.6,No,Low,Yes,No
197,2023-07-16,2,294.55,No,Medium,No,No
198,2023-07-17,10,372.96,Yes,Medium,No,Yes
199,2023-07-18,5,274.58,Yes,High,No,No
200,2023-07-19,13,360.43,No,Low,Yes,No
201,2023-07-20,10,198.98,No,High,Yes,No
202,2023-07-21,5,285.86,Yes,High,No,Yes
203,2023-07-22,4,84.0,Yes,High,No,No
204,2023-07-23,11,376.73,No,High,No,Yes
205,2023-07-24,14,423.63,Yes,High,Yes,Yes
206,2023-07-25,13,254.87,Yes,Low,No,Yes
207,2023-07-26,12,219.92,Yes,Medium,Yes,Yes
208,2023-07-27,11,265.43,No,Low,Yes,Yes
209,2023-07-28,9,164.52,Yes,Low,No,Yes
210,2023-07-29,7,367.28,No,Medium,No,No
211,2023-07-30,5,302.3,Yes,Low,No,No
212,2023-07-31,6,148.65,Yes,Low,No,No
213,2023-08-01,6,52.93,No,Low,No,Yes
214,2023-08-02,3,470.38,No,Low,No,Yes
215,2023-08-03,13,450.95,Yes,Low,No,No
216,2023-08-04,14,462.56,Yes,Low,Yes,Yes
217,2023-08-05,13,179.16,No,Low,No,Yes
218,2023-08-06,10,462.28,No,Medium,No,No
219,2023-08-07,10,183.79,No,Low,No,Yes
220,2023-08-08,4,167.39,Yes,Medium,No,No
221,2023-08-09,5,241.67,Yes,Low,No,Yes
222,2023-08-10,13,124.85,Yes,Medium,No,No
223,2023-08-11,10,473.38,No,Medium,No,No
224,2023-08-12,2,283.69,No,Low,No,No
225,2023-08-13,1,281.42,No,Low,No,No
226,2023-08-14,5,286.08,Yes,High,No,No
227,2023-08-15,7,395.02,No,Medium,No,No
228,2023-08-16,3,184.91,Yes,Medium,No,Yes
229,2023-08-17,3,130.05,No,Low,Yes,No
230,2023-08-18,8,376.08,No,Medium,No,No
231,2023-08-19,12,202.78,Yes,Medium,No,No
232,2023-08-20,13,376.49,No,Low,Yes,No
233,2023-08-21,3,102.06,No,High,Yes,No
234,2023-08-22,3,416.51,No,Low,Yes,Yes
235,2023-08-23,8,250.24,Yes,High,Yes,Yes
236,2023-08-24,6,95.79,Yes,Medium,No,No
237,2023-08-25,9,174.5,No,High,No,No
238,2023-08-26,13,436.88,Yes,High,No,No
239,2023-08-27,1,451.16,No,Medium,No,Yes
240,2023-08-28,4,482.97,Yes,Medium,No,No
241,2023-08-29,10,304.79,No,High,No,Yes
242,2023-08-30,6,133.17,No,High,No,No
243,2023-08-31,6,400.18,Yes,High,No,No
244,2023-09-01,11,428.85,No,Medium,Yes,No
245,2023-09-02,6,393.54,No,Medium,No,No
246,2023-09-03,5,140.08,Yes,High,No,Yes
247,2023-09-04,5,54.87,No,Medium,No,No
248,2023-09-05,7,235.27,No,Medium,No,No
249,2023-09-06,11,493.26,No,Low,No,No
250,2023-09-07,13,182.68,Yes,High,No,No
251,2023-09-08,11,289.26,Yes,High,No,No
252,2023-09-09,14,330.99,No,Low,No,Yes
253,2023-09-10,8,59.39,Yes,Low,No,Yes
254,2023-09-11,2,172.36,Yes,Low,No,Yes
255,2023-09-12,8,143.0,No,Medium,No,Yes
256,2023-09-13,10,307.09,No,Medium,No,No
257,2023-09-14,2,488.97,Yes,Low,No,No
258,2023-09-15,10,389.12,Yes,Medium,No,No
259,2023-09-16,4,274.02,No,Medium,No,No
260,2023-09-17,13,414.16,Yes,Medium,No,No
261,2023-09-18,3,359.0,No,Medium,No,No
262,2023-09-19,9,306.17,Yes,High,No,No
263,2023-09-20,11,494.39,Yes,High,No,Yes
264,2023-09-21,4,340.08,No,Medium,No,No
265,2023-09-22,13,269.08,Yes,Medium,No,No
266,2023-09-23,8,165.7,No,High,No,No
267,2023-09-24,14,240.28,Yes,High,No,Yes
268,2023-09-25,3,116.65,Yes,High,No,Yes
269,2023-09-26,13,57.58,Yes,High,No,No
270,2023-09-27,8,279.94,No,Low,No,No
271,2023-09-28,1,211.45,Yes,High,No,No
272,2023-09-29,5,111.05,No,High,No,No
273,2023-09-30,14,86.09,Yes,Low,No,No
274,2023-10-01,1,428.15,Yes,High,Yes,Yes
275,2023-10-02,10,252.35,No,High,No,No
276,2023-10-03,2,256.48,No,Low,Yes,Yes
277,2023-10-04,14,163.93,No,Medium,No,No
278,2023-10-05,11,154.65,Yes,High,No,No
279,2023-10-06,1,183.24,Yes,Medium,No,Yes
280,2023-10-07,14,371.39,Yes,High,No,No
281,2023-10-08,10,412.48,Yes,High,No,Yes
282,2023-10-09,2,150.01,Yes,Low,No,No
283,2023-10-10,9,101.87,Yes,High,No,No
284,2023-10-11,1,104.36,No,Low,No,Yes
285,2023-10-12,14,210.81,Yes,Low,No,Yes
286,2023-10-13,10,453.37,No,Low,Yes,No
287,2023-10-14,10,127.36,No,High,No,Yes
288,2023-10-15,6,377.22,No,High,No,No
289,2023-10-16,9,342.11,No,High,No,Yes
290,2023-10-17,3,126.86,No,Medium,Yes,Yes
291,2023-10-18,1,103.0,Yes,Low,Yes,Yes
292,2023-10-19,9,343.23,Yes,Medium,No,No
293,2023-10-20,9,195.81,No,Low,No,Yes
294,2023-10-21,8,264.61,Yes,Medium,Yes,No
295,2023-10-22,7,412.5,Yes,Low,No,No
296,2023-10-23,7,408.29,Yes,Medium,Yes,No
297,2023-10-24,11,368.55,No,Medium,Yes,No
298,2023-10-25,1,399.29,Yes,High,No,No
299,2023-10-26,9,462.86,Yes,Low,No,No
300,2023-10-27,4,147.28,Yes,Low,No,No
301,2023-10-28,13,408.54,No,High,No,No
302,2023-10-29,1,180.85,Yes,High,Yes,No
303,2023-10-30,1,212.21,No,Medium,No,No
304,2023-10-31,14,341.87,No,Medium,Yes,Yes
305,2023-11-01,3,59.05,No,High,No,Yes
306,2023-11-02,12,179.56,No,Low,No,No
307,2023-11-03,13,386.43,No,High,No,No
308,2023-11-04,10,404.45,No,Low,No,No
309,2023-11-05,9,259.7,No,Medium,No,Yes
310,2023-11-06,12,202.51,No,High,Yes,No
311,2023-11-07,9,207.16,No,High,No,No
312,2023-11-08,8,442.99,Yes,Low,No,No
313,2023-11-09,6,142.76,Yes,High,No,No
314,2023-11-10,9,325.71,Yes,High,No,No
315,2023-11-11,2,327.08,Yes,High,Yes,No
316,2023-11-12,7,455.06,Yes,High,No,No
317,2023-11-13,7,188.08,No,High,No,No
318,2023-11-14,12,342.23,No,High,No,No
319,2023-11-15,4,121.61,Yes,Low,Yes,No
320,2023-11-16,6,428.03,Yes,Low,Yes,Yes
321,2023-11-17,13,105.83,No,Medium,No,Yes
322,2023-11-18,8,240.39,No,Low,No,No
323,2023-11-19,8,445.19,Yes,Low,No,Yes
324,2023-11-20,6,426.44,Yes,High,No,Yes
325,2023-11-21,5,203.77,No,Medium,No,No
326,2023-11-22,2,468.14,No,Low,No,Yes
327,2023-11-23,4,451.49,Yes,High,No,No
328,2023-11-24,7,201.02,No,Medium,No,Yes
329,2023-11-25,5,476.11,Yes,Medium,No,No
330,2023-11-26,2,348.06,No,Low,No,No
331,2023-11-27,13,204.41,Yes,Medium,Yes,Yes
332,2023-11-28,12,245.11,No,Medium,No,No
333,2023-11-29,7,333.53,Yes,Low,No,No
334,2023-11-30,4,439.09,No,High,No,No
335,2023-12-01,9,110.25,No,High,No,No
336,2023-12-02,1,407.27,No,High,No,No
337,2023-12-03,5,162.12,Yes,Low,No,No
338,2023-12-04,1,414.32,No,Low,Yes,No
339,2023-12-05,6,437.03,No,High,No,No
340,2023-12-06,12,193.44,Yes,Low,No,No
341,2023-12-07,2,360.13,No,Medium,No,No
342,2023-12-08,9,84.58,Yes,High,No,No
343,2023-12-09,5,73.93,No,Medium,Yes,No
344,2023-12-10,10,141.73,No,High,No,No
345,2023-12-11,6,329.33,No,Low,Yes,No
346,2023-12-12,12,467.59,Yes,High,No,Yes
347,2023-12-13,13,317.75,Yes,Low,No,No
348,2023-12-14,8,80.07,No,Low,No,No
349,2023-12-15,2,328.14,Yes,High,No,No
350,2023-12-16,4,135.66,No,Low,No,No
351,2023-12-17,2,467.72,No,Low,No,No
352,2023-12-18,1,477.7,Yes,Medium,Yes,No
353,2023-12-19,4,294.14,Yes,Medium,No,Yes
354,2023-12-20,14,378.19,No,Medium,Yes,No
355,2023-12-21,11,169.75,No,Low,No,No
356,2023-12-22,2,107.06,Yes,High,No,No
357,2023-12-23,8,211.79,No,Low,No,No
358,2023-12-24,4,411.47,Yes,Medium,No,No
359,2023-12-25,9,420.82,No,Low,Yes,No
360,2023-12-26,12,223.98,Yes,High,No,No
361,2023-12-27,14,166.53,No,High,No,No
362,2023-12-28,5,383.47,No,Low,No,Yes
363,2023-12-29,3,440.81,No,High,No,No
364,2023-12-30,1,392.36,No,Medium,No,No
365,2023-12-31,6,254.09,No,High,No,No
366,2024-01-01,12,275.05,No,Medium,No,No
367,2024-01-02,4,458.26,No,Medium,No,Yes
368,2024-01-03,8,217.0,No,Medium,No,No
369,2024-01-04,14,239.1,No,High,Yes,Yes
370,2024-01-05,14,145.03,No,Medium,No,No
371,2024-01-06,11,141.65,No,High,No,No
372,2024-01-07,3,269.18,No,Medium,No,Yes
373,2024-01-08,6,457.62,Yes,Medium,No,Yes
374,2024-01-09,4,120.28,Yes,Medium,No,No
375,2024-01-10,8,236.5,No,Low,No,No
376,2024-01-11,2,301.95,No,Low,No,Yes
377,2024-01-12,7,390.08,Yes,High,No,No
378,2024-01-13,4,365.06,Yes,Low,No,No
379,2024-01-14,3,447.73,No,Low,No,No
380,2024-01-15,1,391.15,No,Medium,No,Yes
381,2024-01-16,8,132.23,Yes,High,No,No
382,2024-01-17,12,445.95,Yes,High,No,Yes
383,2024-01-18,14,208.14,No,High,No,No
384,2024-01-19,6,419.65,Yes,Medium,No,No
385,2024-01-20,4,221.1,No,Medium,No,No
386,2024-01-21,5,359.62,No,Low,No,Yes
387,2024-01-22,4,463.01,No,Medium,No,No
388,2024-01-23,8,315.63,No,Medium,No,No
389,2024-01-24,6,442.76,Yes,Medium,No,No
390,2024-01-25,12,227.86,Yes,Low,No,Yes
391,2024-01-26,7,66.83,No,Low,No,Yes
392,2024-01-27,10,92.58,No,Medium,No,Yes
393,2024-01-28,7,134.51,No,High,No,No
394,2024-01-29,13,475.0,No,High,Yes,No
395,2024-01-30,5,317.58,No,High,No,No
396,2024-01-31,3,409.75,No,Medium,No,No
397,2024-02-01,10,417.28,No,Medium,No,No
398,2024-02-02,10,309.03,Yes,High,No,No
399,2024-02-03,12,499.76,No,Low,Yes,No
400,2024-02-04,6,229.27,Yes,Medium,No,No
401,2024-02-05,6,461.87,Yes,Medium,No,No
402,2024-02-06,8,250.25,No,Medium,No,Yes
403,2024-02-07,4,59.0,No,Medium,No,No
404,2024-02-08,4,55.97,No,Low,Yes,No
405,2024-02-09,10,428.0,No,High,Yes,No
406,2024-02-10,3,100.82,No,Medium,No,No
407,2024-02-11,2,493.55,No,High,No,No
408,2024-02-12,13,364.6,No,High,No,No
409,2024-02-13,10,324.14,No,Medium,No,Yes
410,2024-02-14,14,304.0,No,Medium,No,Yes
411,2024-02-15,8,336.72,No,Medium,Yes,No
412,2024-02-16,3,427.41,No,Low,No,No
413,2024-02-17,10,196.54,Yes,High,No,No
414,2024-02-18,9,315.66,Yes,High,No,No
415,2024-02-19,10,248.91,Yes,High,No,No
416,2024-02-20,6,124.46,No,Low,No,No
417,2024-02-21,9,305.46,Yes,Low,No,Yes
418,2024-02-22,14,289.89,No,High,Yes,No
419,2024-02-23,11,250.49,Yes,High,No,No
420,2024-02-24,5,350.74,Yes,Medium,No,Yes
421,2024-02-25,6,182.69,No,Medium,No,No
422,2024-02-26,9,386.44,Yes,Medium,No,Yes
423,2024-02-27,5,114.66,No,High,No,Yes
424,2024-02-28,7,300.99,Yes,High,No,No
425,2024-02-29,5,354.65,No,High,No,No
426,2024-03-01,2,194.62,No,Medium,No,No
427,2024-03-02,10,377.88,No,Medium,Yes,No
428,2024-03-03,11,420.53,Yes,Medium,No,Yes
429,2024-03-04,4,280.88,Yes,High,Yes,Yes
430,2024-03-05,4,351.9,No,Medium,No,No
431,2024-03-06,13,322.42,Yes,Low,Yes,No
432,2024-03-07,9,179.24,No,High,No,No
433,2024-03-08,4,401.91,Yes,Low,No,Yes
434,2024-03-09,10,417.62,No,High,No,No
435,2024-03-10,3,103.05,Yes,Medium,No,No
436,2024-03-11,1,119.76,No,High,No,No
437,2024-03-12,10,141.15,No,High,No,No
438,2024-03-13,5,333.86,No,Low,Yes,No
439,2024-03-14,6,362.15,No,High,No,No
440,2024-03-15,4,457.94,No,Medium,Yes,No
441,2024-03-16,11,205.99,Yes,Low,No,No
442,2024-03-17,5,227.79,No,High,No,Yes
443,2024-03-18,9,425.6,No,Medium,No,Yes
444,2024-03-19,1,355.37,Yes,High,No,Yes
445,2024-03-20,8,288.46,No,Low,No,No
446,2024-03-21,13,294.85,No,High,Yes,No
447,2024-03-22,3,290.46,Yes,Medium,No,No
448,2024-03-23,12,463.09,Yes,Low,No,No
449,2024-03-24,11,178.1,No,High,No,Yes
450,2024-03-25,2,475.89,Yes,Medium,No,No
451,2024-03-26,10,318.79,Yes,Medium,No,Yes
452,2024-03-27,4,498.62,No,Low,Yes,No
453,2024-03-28,14,215.41,Yes,Medium,No,No
454,2024-03-29,1,59.93,Yes,Low,Yes,No
455,2024-03-30,4,440.02,No,Medium,No,No
456,2024-03-31,1,227.83,Yes,Low,No,No
457,2024-04-01,3,155.07,Yes,Medium,No,No
458,2024-04-02,1,325.7,Yes,High,No,No
459,2024-04-03,8,115.54,No,High,Yes,No
460,2024-04-04,8,152.8,Yes,High,No,No
461,2024-04-05,3,234.98,No,Low,Yes,Yes
462,2024-04-06,10,360.09,Yes,Medium,No,No
463,2024-04-07,2,301.31,Yes,Low,No,No
464,2024-04-08,8,493.65,Yes,Low,No,Yes
465,2024-04-09,9,231.79,Yes,Medium,No,No
466,2024-04-10,2,138.39,Yes,Medium,No,Yes
467,2024-04-11,4,247.2,No,Medium,Yes,Yes
468,2024-04-12,2,205.83,Yes,Low,No,Yes
469,2024-04-13,1,453.87,No,Low,No,No
470,2024-04-14,9,344.23,Yes,Low,Yes,No
471,2024-04-15,4,490.41,No,Low,No,Yes
472,2024-04-16,7,289.29,Yes,Medium,No,Yes
473,2024-04-17,8,174.16,No,High,No,No
474,2024-04-18,9,322.09,No,High,No,Yes
475,2024-04-19,11,101.63,No,High,Yes,Yes
476,2024-04-20,2,405.01,No,Medium,No,No
477,2024-04-21,14,336.3,Yes,High,No,No
478,2024-04-22,13,219.61,No,Low,No,No
479,2024-04-23,6,67.71,Yes,Low,No,No
480,2024-04-24,6,292.64,No,Medium,No,Yes
481,2024-04-25,2,448.04,Yes,High,No,No
482,2024-04-26,7,446.18,No,Medium,No,Yes
483,2024-04-27,5,136.35,Yes,Medium,No,No
484,2024-04-28,11,424.6,Yes,High,No,Yes
485,2024-04-29,12,241.98,Yes,Medium,No,No
486,2024-04-30,12,70.61,No,High,No,No
487,2024-05-01,12,78.95,No,High,No,Yes
488,2024-05-02,1,132.29,Yes,High,No,No
489,2024-05-03,12,171.74,Yes,Medium,No,No
490,2024-05-04,2,138.19,Yes,Medium,Yes,Yes
491,2024-05-05,6,105.23,Yes,High,Yes,No
492,2024-05-06,8,227.37,Yes,High,Yes,No
493,2024-05-07,13,203.2,No,Medium,No,No
494,2024-05-08,3,169.27,No,High,No,Yes
495,2024-05-09,13,393.72,No,Medium,No,No
496,2024-05-10,14,186.47,No,High,No,No
497,2024-05-11,8,211.16,Yes,High,No,Yes
498,2024-05-12,2,377.99,Yes,High,Yes,No
499,2024-05-13,3,283.73,Yes,Low,No,No
500,2024-05-14,2,358.0,Yes,High,No,Yes
501,2024-05-15,13,357.22,Yes,Low,Yes,Yes
502,2024-05-16,2,301.4,No,Low,Yes,No
503,2024-05-17,6,97.86,No,Low,No,No
504,2024-05-18,14,76.07,Yes,High,No,Yes
505,2024-05-19,14,420.3,Yes,Low,No,No
506,2024-05-20,3,320.44,Yes,High,No,Yes
507,2024-05-21,1,63.89,No,High,No,No
508,2024-05-22,9,256.49,Yes,Medium,No,No
509,2024-05-23,14,79.48,No,Low,No,No
510,2024-05-24,4,92.51,No,Medium,No,Yes
511,2024-05-25,12,399.26,Yes,Medium,No,Yes
512,2024-05-26,3,481.72,No,High,No,Yes
513,2024-05-27,12,247.1,Yes,Medium,No,No
514,2024-05-28,4,76.85,No,Medium,No,No
515,2024-05-29,9,409.76,Yes,Medium,No,No
516,2024-05-30,6,333.4,Yes,Medium,Yes,Yes
517,2024-05-31,9,85.05,Yes,Low,No,No
518,2024-06-01,2,348.72,Yes,Medium,No,No
519,2024-06-02,3,428.4,No,Medium,No,No
520,2024-06-03,7,226.81,No,High,No,No
521,2024-06-04,13,322.53,No,Low,Yes,No
522,2024-06-05,1,333.05,No,High,No,No
523,2024-06-06,3,179.33,No,Low,No,Yes
524,2024-06-07,2,420.63,Yes,High,No,No
525,2024-06-08,1,334.99,Yes,High,No,Yes
526,2024-06-09,14,247.59,No,Medium,No,Yes
527,2024-06-10,6,309.82,No,High,No,No
528,2024-06-11,6,130.63,No,High,No,No
529,2024-06-12,6,115.0,Yes,Medium,No,No
530,2024-06-13,11,411.41,No,High,No,No
531,2024-06-14,14,177.17,Yes,High,No,No
532,2024-06-15,14,70.59,Yes,Medium,No,Yes
533,2024-06-16,12,482.11,Yes,Low,No,Yes
534,2024-06-17,5,403.99,Yes,Low,No,No
535,2024-06-18,14,492.46,No,Low,Yes,Yes
536,2024-06-19,2,244.12,No,High,No,Yes
537,2024-06-20,7,491.88,Yes,Low,No,Yes
538,2024-06-21,4,435.27,No,Medium,No,No
539,2024-06-22,6,479.12,Yes,Medium,No,Yes
540,2024-06-23,1,492.01,No,Medium,No,No
541,2024-06-24,10,205.69,Yes,High,Yes,No
542,2024-06-25,7,441.16,Yes,Medium,No,No
543,2024-06-26,1,168.21,No,Low,Yes,Yes
544,2024-06-27,10,329.87,No,Medium,No,No
545,2024-06-28,14,56.72,Yes,Low,No,No
546,2024-06-29,2,247.11,No,Medium,No,No
547,2024-06-30,14,178.17,No,High,No,No
548,2024-07-01,11,461.28,No,Low,No,Yes
549,2024-07-02,5,413.27,No,Low,No,No
550,2024-07-03,11,314.05,Yes,Medium,Yes,Yes
551,2024-07-04,2,213.11,Yes,Low,No,Yes
552,2024-07-05,5,411.47,No,Medium,No,No
553,2024-07-06,9,269.27,Yes,Medium,No,Yes
554,2024-07-07,13,442.04,No,Low,No,Yes
555,2024-07-08,5,435.96,Yes,Medium,No,No
556,2024-07-09,4,369.75,No,High,No,No
557,2024-07-10,3,121.5,Yes,High,Yes,Yes
558,2024-07-11,11,217.57,Yes,High,No,No
559,2024-07-12,8,498.47,No,High,No,Yes
560,2024-07-13,12,195.05,No,Medium,No,No
561,2024-07-14,7,386.74,No,Medium,No,No
562,2024-07-15,14,302.89,No,Medium,No,No
563,2024-07-16,9,429.27,Yes,Medium,No,Yes
564,2024-07-17,7,246.35,Yes,Medium,No,No
565,2024-07-18,1,159.14,No,Low,No,No
566,2024-07-19,6,145.33,No,Low,No,Yes
567,2024-07-20,5,462.1,No,Medium,Yes,Yes
568,2024-07-21,4,183.17,Yes,Medium,No,Yes
569,2024-07-22,9,97.17,No,Low,No,No
570,2024-07-23,11,113.64,Yes,High,Yes,No
571,2024-07-24,5,375.5,No,High,No,No
572,2024-07-25,5,140.07,Yes,High,Yes,No
573,2024-07-26,14,295.05,No,Medium,No,No
574,2024-07-27,11,99.26,No,High,Yes,No
575,2024-07-28,7,383.45,No,High,Yes,No
576,2024-07-29,13,233.26,Yes,Low,Yes,No
577,2024-07-30,12,374.3,Yes,Low,No,No
578,2024-07-31,11,93.03,No,Low,No,No
579,2024-08-01,9,75.07,Yes,Low,No,No
580,2024-08-02,8,112.39,Yes,Medium,No,No
581,2024-08-03,11,248.75,Yes,High,No,Yes
582,2024-08-04,3,308.3,No,Medium,No,Yes
583,2024-08-05,3,308.26,No,High,No,No
584,2024-08-06,13,65.43,No,Low,No,Yes
585,2024-08-07,12,61.27,Yes,Medium,No,No
586,2024-08-08,5,470.42,Yes,Medium,No,No
587,2024-08-09,12,391.39,Yes,Low,No,No
588,2024-08-10,7,200.9,Yes,High,No,No
589,2024-08-11,9,207.51,No,High,No,No
590,2024-08-12,14,164.02,Yes,High,No,No
591,2024-08-13,12,55.95,No,Medium,No,No
592,2024-08-14,6,372.12,No,Low,No,No
593,2024-08-15,3,425.5,Yes,Low,No,Yes
594,2024-08-16,8,377.84,Yes,Medium,No,No
595,2024-08-17,12,385.02,Yes,Low,No,No
596,2024-08-18,4,353.11,No,Medium,No,No
597,2024-08-19,13,62.68,No,High,No,No
598,2024-08-20,7,409.06,No,High,No,Yes
599,2024-08-21,4,247.04,No,High,No,No
600,2024-08-22,3,112.6,Yes,Medium,No,Yes
601,2024-08-23,12,52.36,Yes,Medium,Yes,No
602,2024-08-24,9,364.42,Yes,Medium,No,No
603,2024-08-25,9,293.52,Yes,Medium,Yes,No
604,2024-08-26,11,69.54,No,Low,No,No
605,2024-08-27,10,296.43,Yes,Low,No,No
606,2024-08-28,8,265.17,No,Low,Yes,Yes
607,2024-08-29,12,88.31,Yes,Medium,No,Yes
608,2024-08-30,11,467.81,No,Low,No,Yes
609,2024-08-31,12,445.29,No,Medium,No,No
610,2024-09-01,8,374.76,Yes,Low,No,No
611,2024-09-02,10,458.78,No,Low,No,Yes
612,2024-09-03,9,68.23,Yes,Medium,No,No
613,2024-09-04,1,490.26,No,Low,No,No
614,2024-09-05,4,340.44,No,High,No,No
615,2024-09-06,8,372.98,No,High,No,Yes
616,2024-09-07,2,377.84,Yes,Low,No,No
617,2024-09-08,9,180.84,Yes,Low,No,Yes
618,2024-09-09,6,284.22,No,High,No,No
619,2024-09-10,10,492.41,Yes,Medium,No,No
620,2024-09-11,14,315.7,No,Medium,No,Yes
621,2024-09-12,1,390.33,Yes,Medium,No,Yes
622,2024-09-13,7,174.18,Yes,Medium,No,No
623,2024-09-14,8,427.12,Yes,Medium,No,No
624,2024-09-15,10,496.57,No,Low,No,Yes
625,2024-09-16,9,153.72,No,Low,No,Yes
626,2024-09-17,3,121.09,No,Low,Yes,No
627,2024-09-18,2,419.71,Yes,Medium,No,Yes
628,2024-09-19,1,172.86,Yes,High,No,No
629,2024-09-20,4,184.33,No,High,Yes,Yes
630,2024-09-21,4,211.27,No,High,No,No
631,2024-09-22,12,141.43,No,Medium,No,No
632,2024-09-23,10,310.62,No,Low,No,Yes
633,2024-09-24,9,61.35,No,Low,Yes,Yes
634,2024-09-25,4,196.52,No,Medium,No,No
635,2024-09-26,1,158.52,Yes,High,No,Yes
636,2024-09-27,12,341.37,No,Medium,No,No
637,2024-09-28,11,398.77,No,Medium,No,No
638,2024-09-29,10,447.06,No,Low,No,No
639,2024-09-30,10,77.92,Yes,Medium,No,No
640,2024-10-01,2,230.68,Yes,High,No,No
641,2024-10-02,10,261.75,No,Low,Yes,No
642,2024-10-03,4,278.84,Yes,Low,No,No
643,2024-10-04,7,466.38,Yes,Low,Yes,Yes
644,2024-10-05,8,359.09,Yes,High,No,No
645,2024-10-06,8,176.58,No,Low,No,No
646,2024-10-07,9,109.21,Yes,Medium,Yes,Yes
647,2024-10-08,3,455.55,No,Medium,No,No
648,2024-10-09,8,435.31,No,Low,No,No
649,2024-10-10,11,216.01,Yes,Low,No,No
650,2024-10-11,5,296.4,No,Low,No,No
651,2024-10-12,10,472.41,Yes,Medium,No,Yes
652,2024-10-13,8,257.68,Yes,Medium,No,No
653,2024-10-14,11,345.82,No,Medium,No,No
654,2024-10-15,12,89.84,No,Low,No,No
655,2024-10-16,12,317.45,No,High,No,No
656,2024-10-17,13,414.96,Yes,Medium,No,Yes
657,2024-10-18,14,404.98,Yes,Low,No,No
658,2024-10-19,11,102.98,Yes,Medium,No,No
659,2024-10-20,9,428.43,Yes,Medium,No,No
660,2024-10-21,1,424.61,Yes,Medium,Yes,No
661,2024-10-22,4,406.95,No,High,No,No
662,2024-10-23,4,108.51,Yes,Medium,Yes,Yes
663,2024-10-24,1,401.92,Yes,Low,No,No
664,2024-10-25,12,276.82,No,Low,Yes,No
665,2024-10-26,13,200.37,No,Medium,No,Yes
666,2024-10-27,4,306.26,Yes,Low,No,No
667,2024-10-28,10,191.52,Yes,Low,No,No
668,2024-10-29,8,266.07,No,Low,No,No
669,2024-10-30,14,215.61,No,Low,No,Yes
670,2024-10-31,6,262.18,No,High,Yes,No
671,2024-11-01,13,133.3,Yes,Low,No,No
672,2024-11-02,3,54.1,No,Low,No,Yes
673,2024-11-03,10,425.8,Yes,Low,No,No
674,2024-11-04,9,439.97,No,High,No,Yes
675,2024-11-05,12,178.76,No,High,No,No
676,2024-11-06,9,69.52,Yes,High,No,Yes
677,2024-11-07,11,371.83,Yes,Low,Yes,No
678,2024-11-08,3,135.45,No,Medium,Yes,No
679,2024-11-09,8,211.93,No,Low,No,No
680,2024-11-10,5,406.57,No,High,Yes,Yes
681,2024-11-11,7,434.59,No,High,Yes,No
682,2024-11-12,10,476.81,Yes,High,No,No
683,2024-11-13,5,376.98,No,Medium,No,No
684,2024-11-14,1,413.41,No,High,Yes,No
685,2024-11-15,11,180.05,Yes,Low,No,Yes
686,2024-11-16,8,350.49,Yes,Medium,No,No
687,2024-11-17,12,87.85,Yes,Medium,Yes,No
688,2024-11-18,3,197.24,No,Medium,No,No
689,2024-11-19,14,147.73,Yes,Low,No,Yes
690,2024-11-20,11,280.76,Yes,High,No,Yes
691,2024-11-21,3,442.86,No,High,No,Yes
692,2024-11-22,7,404.0,Yes,Low,Yes,Yes
693,2024-11-23,3,386.79,Yes,High,No,Yes
694,2024-11-24,5,78.89,Yes,High,No,No
695,2024-11-25,11,291.56,Yes,Low,No,No
696,2024-11-26,2,212.52,Yes,Low,No,No
697,2024-11-27,13,383.68,No,Medium,Yes,No
698,2024-11-28,14,139.83,Yes,Medium,Yes,Yes
699,2024-11-29,10,342.32,No,High,No,Yes
700,2024-11-30,13,374.42,Yes,High,No,Yes
701,2024-12-01,7,132.84,No,High,No,No
702,2024-12-02,9,458.94,No,High,No,Yes
703,2024-12-03,13,119.83,Yes,Low,No,Yes
704,2024-12-04,13,436.72,Yes,Low,Yes,No
705,2024-12-05,1,250.11,Yes,Low,Yes,No
706,2024-12-06,4,107.99,Yes,High,No,No
707,2024-12-07,7,79.22,No,Low,No,No
708,2024-12-08,13,151.83,No,Medium,No,No
709,2024-12-09,9,377.57,Yes,High,No,Yes
710,2024-12-10,11,372.6,No,High,No,No
711,2024-12-11,13,131.32,No,Low,No,Yes
712,2024-12-12,7,122.13,No,Low,No,No
713,2024-12-13,12,84.5,Yes,Medium,Yes,No
714,2024-12-14,4,319.0,No,High,No,No
715,2024-12-15,6,458.33,No,High,Yes,Yes
716,2024-12-16,4,53.08,No,High,No,Yes
717,2024-12-17,12,266.02,Yes,Medium,No,No
718,2024-12-18,9,465.77,Yes,Medium,No,Yes
719,2024-12-19,11,178.32,No,Low,Yes,No
720,2024-12-20,5,193.16,Yes,Low,Yes,No
721,2024-12-21,1,248.08,No,Low,No,Yes
722,2024-12-22,2,114.35,No,Medium,No,No
723,2024-12-23,1,382.05,Yes,Low,No,Yes
724,2024-12-24,2,353.76,No,Low,No,No
725,2024-12-25,7,348.0,Yes,Low,No,Yes
726,2024-12-26,3,396.55,Yes,High,Yes,No
727,2024-12-27,11,466.24,Yes,High,Yes,No
728,2024-12-28,9,198.86,No,Medium,No,No
729,2024-12-29,6,393.7,No,Low,Yes,No
730,2024-12-30,10,164.85,Yes,Medium,No,No
731,2024-12-31,10,484.05,No,High,No,No
732,2025-01-01,3,388.2,No,Medium,No,Yes
733,2025-01-02,8,453.32,No,Low,No,No
734,2025-01-03,14,285.2,Yes,High,No,Yes
735,2025-01-04,13,238.71,Yes,Medium,Yes,Yes
736,2025-01-05,6,410.67,No,Medium,Yes,No
737,2025-01-06,9,345.17,No,Low,No,No
738,2025-01-07,4,172.44,Yes,Medium,No,No
739,2025-01-08,1,291.03,No,Low,No,Yes
740,2025-01-09,12,150.21,Yes,Medium,Yes,Yes
741,2025-01-10,7,406.39,Yes,High,No,Yes
742,2025-01-11,5,355.64,Yes,Low,Yes,No
743,2025-01-12,7,118.29,Yes,Low,No,No
744,2025-01-13,9,280.71,Yes,Medium,No,No
745,2025-01-14,10,123.41,Yes,Low,No,No
746,2025-01-15,5,112.8,No,Medium,No,No
747,2025-01-16,12,421.64,No,Low,No,No
748,2025-01-17,4,428.37,No,Medium,Yes,No
749,2025-01-18,5,323.63,Yes,High,No,Yes
750,2025-01-19,11,100.85,No,Medium,No,No
751,2025-01-20,4,193.68,Yes,Low,No,No
752,2025-01-21,2,168.31,No,High,Yes,No
753,2025-01-22,6,128.73,No,High,No,No
754,2025-01-23,1,104.86,No,Medium,Yes,Yes
755,2025-01-24,10,252.41,Yes,High,No,No
756,2025-01-25,8,87.9,No,Medium,No,Yes
757,2025-01-26,3,475.36,Yes,High,No,No
758,2025-01-27,2,407.8,No,Medium,No,No
759,2025-01-28,3,423.82,No,Low,No,No
760,2025-01-29,5,144.53,No,High,Yes,No
761,2025-01-30,5,479.56,Yes,Low,Yes,No
762,2025-01-31,6,84.75,No,Medium,No,No
763,2025-02-01,14,142.07,Yes,Medium,Yes,No
764,2025-02-02,13,442.73,No,Medium,No,Yes
765,2025-02-03,13,459.42,No,Low,No,No
766,2025-02-04,2,225.98,Yes,Low,No,No
767,2025-02-05,14,344.28,No,Medium,No,No
768,2025-02-06,8,93.75,Yes,High,No,No
769,2025-02-07,1,177.35,No,High,No,No
770,2025-02-08,6,73.63,Yes,Low,No,Yes
771,2025-02-09,11,414.69,No,Low,Yes,Yes
772,2025-02-10,11,241.13,Yes,Low,No,No
773,2025-02-11,4,214.13,No,Low,No,Yes
774,2025-02-12,11,97.26,Yes,Low,Yes,Yes
775,2025-02-13,3,156.87,No,Medium,No,No
776,2025-02-14,7,297.79,Yes,Medium,No,Yes
777,2025-02-15,5,72.75,No,High,No,No
778,2025-02-16,8,156.29,Yes,Low,No,No
779,2025-02-17,14,249.75,No,Medium,No,No
780,2025-02-18,11,68.53,Yes,Low,Yes,No
781,2025-02-19,1,362.83,Yes,High,No,Yes
782,2025-02-20,4,411.86,No,High,Yes,No
783,2025-02-21,1,417.19,No,Medium,No,No
784,2025-02-22,14,254.59,Yes,Medium,No,No
785,2025-02-23,1,59.64,No,High,No,No
786,2025-02-24,5,416.04,Yes,Low,No,No
787,2025-02-25,5,373.1,No,High,Yes,No
788,2025-02-26,12,467.66,No,Medium,No,Yes
789,2025-02-27,1,115.85,No,High,No,No
790,2025-02-28,14,407.46,No,Low,No,No
791,2025-03-01,1,464.06,No,Low,No,No
792,2025-03-02,2,190.96,Yes,High,No,No
793,2025-03-03,3,148.26,Yes,High,No,No
794,2025-03-04,2,490.19,Yes,High,No,No
795,2025-03-05,11,241.58,Yes,Medium,No,Yes
796,2025-03-06,6,258.83,No,Low,No,No
797,2025-03-07,11,393.6,No,High,No,Yes
798,2025-03-08,8,382.61,Yes,Low,No,No
799,2025-03-09,9,90.89,Yes,Medium,No,No
800,2025-03-10,10,287.56,No,Low,No,Yes
801,2025-03-11,14,375.1,Yes,Low,Yes,No
802,2025-03-12,1,149.32,No,Medium,No,No
803,2025-03-13,2,402.09,Yes,Medium,Yes,Yes
804,2025-03-14,4,92.75,No,Medium,No,Yes
805,2025-03-15,8,333.19,No,High,No,No
806,2025-03-16,9,63.2,Yes,Medium,No,No
807,2025-03-17,2,452.95,No,Low,No,No
808,2025-03-18,8,242.35,No,Low,No,Yes
809,2025-03-19,6,456.16,Yes,Medium,Yes,No
810,2025-03-20,14,412.86,Yes,High,No,No
811,2025-03-21,13,410.33,No,Low,No,No
812,2025-03-22,11,376.48,No,High,No,No
813,2025-03-23,2,325.49,Yes,Low,Yes,No
814,2025-03-24,7,456.68,No,Low,Yes,Yes
815,2025-03-25,12,407.5,Yes,Medium,No,Yes
816,2025-03-26,8,353.81,No,High,Yes,No
817,2025-03-27,5,371.22,Yes,Medium,Yes,Yes
818,2025-03-28,9,433.79,No,Medium,No,No
819,2025-03-29,8,142.76,No,Medium,Yes,No
820,2025-03-30,2,470.18,No,High,No,No
821,2025-03-31,7,342.29,No,Low,No,Yes
822,2025-04-01,10,160.78,Yes,Medium,No,No
823,2025-04-02,3,233.16,No,High,No,No
824,2025-04-03,11,340.61,No,High,No,No
825,2025-04-04,5,354.56,Yes,High,No,No
826,2025-04-05,6,64.78,Yes,Medium,Yes,No
827,2025-04-06,13,494.67,No,High,No,No
828,2025-04-07,6,318.6,No,Medium,No,No
829,2025-04-08,6,188.81,Yes,High,No,No
830,2025-04-09,13,406.38,No,Low,No,No
831,2025-04-10,7,189.56,Yes,High,Yes,No
832,2025-04-11,8,94.8,No,Low,No,No
833,2025-04-12,2,163.64,No,Medium,No,No
834,2025-04-13,14,303.89,No,Medium,No,No
835,2025-04-14,4,461.81,Yes,Low,No,Yes
836,2025-04-15,13,370.37,No,Medium,Yes,No
837,2025-04-16,2,257.22,No,Low,Yes,No
838,2025-04-17,1,242.21,Yes,High,No,Yes
839,2025-04-18,3,197.42,Yes,Medium,No,Yes
840,2025-04-19,7,229.97,Yes,Medium,No,No
841,2025-04-20,2,121.56,No,High,No,No
842,2025-04-21,2,84.69,No,Low,No,No
843,2025-04-22,8,447.02,Yes,Medium,No,Yes
844,2025-04-23,2,179.38,No,High,No,No
845,2025-04-24,7,314.19,Yes,Medium,No,No
846,2025-04-25,11,86.79,Yes,Medium,Yes,No
847,2025-04-26,13,258.62,Yes,High,No,No
848,2025-04-27,14,241.67,No,Low,No,No
849,2025-04-28,1,490.46,Yes,Medium,No,No
850,2025-04-29,14,374.91,No,High,No,No
851,2025-04-30,14,72.01,Yes,Low,No,Yes
852,2025-05-01,7,484.47,Yes,High,No,Yes
853,2025-05-02,9,215.71,Yes,High,No,Yes
854,2025-05-03,12,369.89,Yes,Low,No,Yes
855,2025-05-04,6,53.68,No,High,No,Yes
856,2025-05-05,11,118.25,No,Medium,Yes,Yes
857,2025-05-06,4,446.26,Yes,Low,No,No
858,2025-05-07,13,239.49,No,Medium,No,No
859,2025-05-08,3,178.9,No,Medium,Yes,No
860,2025-05-09,6,322.3,No,Medium,No,No
861,2025-05-10,7,237.72,No,Low,No,No
862,2025-05-11,1,496.93,No,Medium,No,No
863,2025-05-12,7,450.74,Yes,Low,No,No
864,2025-05-13,4,368.92,No,Medium,No,No
865,2025-05-14,11,109.66,No,High,No,Yes
866,2025-05-15,6,336.27,Yes,High,No,Yes
867,2025-05-16,6,207.69,Yes,Low,No,No
868,2025-05-17,5,348.35,No,Low,Yes,Yes
869,2025-05-18,2,469.91,Yes,Low,No,No
870,2025-05-19,6,235.43,Yes,High,Yes,No
871,2025-05-20,9,257.83,Yes,Medium,No,No
872,2025-05-21,10,385.03,Yes,High,No,No
873,2025-05-22,2,355.98,Yes,Medium,No,Yes
874,2025-05-23,5,160.16,No,Medium,No,Yes
875,2025-05-24,13,172.44,Yes,Medium,No,No
876,2025-05-25,9,140.54,No,Low,No,No
877,2025-05-26,4,152.87,Yes,Low,No,No
878,2025-05-27,7,468.15,Yes,Medium,No,No
879,2025-05-28,3,206.17,Yes,Low,No,No
880,2025-05-29,6,50.03,No,High,No,No
881,2025-05-30,1,443.79,No,Low,No,No
882,2025-05-31,14,150.15,Yes,High,No,No
883,2025-06-01,12,221.84,Yes,High,Yes,No
884,2025-06-02,3,180.34,No,High,No,No
885,2025-06-03,13,157.27,Yes,Low,No,Yes
886,2025-06-04,6,377.19,No,Medium,No,No
887,2025-06-05,9,108.71,Yes,Medium,No,No
888,2025-06-06,10,407.96,Yes,Low,No,No
889,2025-06-07,6,448.19,No,Low,No,No
890,2025-06-08,14,263.68,No,Low,No,No
891,2025-06-09,12,210.04,No,High,No,No
892,2025-06-10,11,141.23,No,High,No,Yes
893,2025-06-11,11,248.42,Yes,Low,No,Yes
894,2025-06-12,14,157.34,Yes,Medium,Yes,Yes
895,2025-06-13,11,148.57,No,Low,No,No
896,2025-06-14,6,141.2,No,Low,Yes,Yes
897,2025-06-15,2,447.13,Yes,High,No,No
898,2025-06-16,14,254.19,No,Medium,No,Yes
899,2025-06-17,4,126.42,Yes,High,No,Yes
900,2025-06-18,10,271.04,Yes,Medium,No,No
901,2025-06-19,1,382.31,No,Medium,No,No
902,2025-06-20,7,339.16,No,High,Yes,No
903,2025-06-21,1,457.32,No,High,No,No
904,2025-06-22,3,105.86,Yes,High,No,Yes
905,2025-06-23,3,425.3,Yes,Medium,No,No
906,2025-06-24,1,322.4,No,Low,Yes,Yes
907,2025-06-25,6,246.62,Yes,High,Yes,No
908,2025-06-26,11,388.95,Yes,Medium,No,No
909,2025-06-27,4,120.99,Yes,Low,No,No
910,2025-06-28,10,106.8,Yes,Medium,No,No
911,2025-06-29,10,440.29,Yes,High,No,No
912,2025-06-30,14,341.57,Yes,Medium,No,No
913,2025-07-01,14,261.4,No,Medium,No,No
914,2025-07-02,7,440.43,Yes,Low,No,No
915,2025-07-03,10,465.52,Yes,High,No,No
916,2025-07-04,3,133.08,No,Medium,No,Yes
917,2025-07-05,10,89.24,No,Medium,No,Yes
918,2025-07-06,13,363.4,Yes,Low,No,Yes
919,2025-07-07,8,321.62,Yes,Low,Yes,No
920,2025-07-08,11,204.23,No,High,No,No
921,2025-07-09,6,104.66,No,High,Yes,No
922,2025-07-10,4,492.47,Yes,High,No,No
923,2025-07-11,10,419.49,No,Low,Yes,No
924,2025-07-12,12,342.72,No,Low,No,Yes
925,2025-07-13,2,90.38,No,Low,No,Yes
926,2025-07-14,10,116.15,Yes,Medium,No,No
927,2025-07-15,12,482.09,No,Medium,No,No
928,2025-07-16,13,266.54,No,High,No,No
929,2025-07-17,13,192.37,No,Low,Yes,No
930,2025-07-18,14,351.2,No,High,No,No
931,2025-07-19,12,356.85,No,Medium,No,Yes
932,2025-07-20,10,338.15,No,Medium,No,Yes
933,2025-07-21,11,381.39,No,High,No,No
934,2025-07-22,2,173.17,Yes,Low,No,No
935,2025-07-23,10,82.87,Yes,High,No,No
936,2025-07-24,8,247.24,Yes,Low,Yes,No
937,2025-07-25,9,301.98,No,Medium,No,No
938,2025-07-26,6,180.14,Yes,Medium,No,No
939,2025-07-27,4,240.03,Yes,Low,No,No
940,2025-07-28,10,82.1,No,Low,No,No
941,2025-07-29,2,439.48,Yes,Medium,No,No
942,2025-07-30,3,348.81,No,Medium,No,Yes
943,2025-07-31,12,107.65,No,Medium,No,No
944,2025-08-01,4,107.34,No,Medium,No,No
945,2025-08-02,10,455.67,No,Medium,No,No
946,2025-08-03,14,300.77,No,Low,No,Yes
947,2025-08-04,13,176.24,Yes,High,No,No
948,2025-08-05,9,236.28,Yes,High,No,No
949,2025-08-06,6,191.81,Yes,Low,No,No
950,2025-08-07,13,476.13,Yes,Medium,Yes,No
951,2025-08-08,8,283.04,Yes,Medium,No,No
952,2025-08-09,2,174.61,Yes,High,No,No
953,2025-08-10,3,398.68,No,Medium,No,No
954,2025-08-11,10,411.75,Yes,Medium,Yes,No
955,2025-08-12,2,293.3,No,Medium,No,No
956,2025-08-13,11,267.76,No,High,No,No
957,2025-08-14,4,392.68,No,Low,No,Yes
958,2025-08-15,9,112.61,No,Low,No,No
959,2025-08-16,1,94.77,No,High,No,Yes
960,2025-08-17,6,300.16,Yes,High,No,No
961,2025-08-18,14,324.58,Yes,Low,No,No
962,2025-08-19,10,315.88,Yes,High,No,No
963,2025-08-20,10,410.13,Yes,Low,No,Yes
964,2025-08-21,13,410.8,No,Low,No,Yes
965,2025-08-22,4,391.68,Yes,Low,No,No
966,2025-08-23,14,360.29,Yes,High,Yes,No
967,2025-08-24,2,198.42,Yes,Medium,No,No
968,2025-08-25,7,381.28,Yes,Medium,No,No
969,2025-08-26,4,165.46,Yes,Low,Yes,No
970,2025-08-27,8,266.88,Yes,Low,No,No
971,2025-08-28,3,365.04,Yes,High,No,No
972,2025-08-29,8,134.18,Yes,High,No,No
973,2025-08-30,8,144.99,Yes,High,No,No
974,2025-08-31,2,63.18,No,Medium,No,No
975,2025-09-01,13,448.92,No,Medium,No,No
976,2025-09-02,12,439.41,No,High,Yes,No
977,2025-09-03,13,121.63,No,High,No,Yes
978,2025-09-04,5,298.13,Yes,High,Yes,No
979,2025-09-05,4,416.7,No,Medium,Yes,No
980,2025-09-06,13,407.15,Yes,Medium,No,Yes
981,2025-09-07,3,227.35,No,Medium,No,No
982,2025-09-08,7,300.67,No,High,No,No
983,2025-09-09,10,50.03,Yes,High,No,No
984,2025-09-10,3,67.16,Yes,Medium,No,No
985,2025-09-11,6,339.82,No,Medium,No,No
986,2025-09-12,8,425.11,No,High,No,Yes
987,2025-09-13,10,81.21,Yes,High,No,Yes
988,2025-09-14,14,195.03,Yes,High,No,No
989,2025-09-15,11,195.52,No,Medium,No,No
990,2025-09-16,10,328.19,Yes,Medium,No,Yes
991,2025-09-17,8,154.89,No,High,No,No
992,2025-09-18,6,331.52,No,Medium,No,No
993,2025-09-19,10,485.28,Yes,Medium,No,No
994,2025-09-20,1,50.62,No,Medium,Yes,Yes
995,2025-09-21,10,146.77,Yes,High,No,No
996,2025-09-22,1,143.12,No,Medium,No,No
997,2025-09-23,6,299.68,No,Low,No,No
998,2025-09-24,1,95.31,No,High,Yes,No
999,2025-09-25,11,171.83,No,Medium,No,Yes
1000,2025-09-26,1,245.24,Yes,High,No,No
