CustomerID,Name,Age,Gender,Location,TotalOrders,AverageOrderValue,TimeSinceLastPurchase,AppLogins,Churn
99ff17e8-475f-4d8a-bf68-466cca0e57ac,Ethan Bhasin,56,Other,Chennai,23,1571.42,58,7,1
8d537254-63ae-48c3-a719-cfcdf8fd9d7a,Irya Issac,69,Other,Hyderabad,24,1700.57,4,26,0
c3f07e27-3ebd-4cf2-b9fd-c4e5912d31a6,Ekavir Keer,46,Other,Delhi,45,992.79,50,13,1
1b8f6f3b-0245-44a5-a796-dd8cc67ef133,Jhalak Kohli,32,Male,Kolkata,19,744.2,20,14,0
fdedfa3b-25d9-4698-9594-aed98f09399a,Anthony Chander,60,Other,Pune,5,666.8,11,10,0
e45b9968-c5b6-450d-8230-fb3f19d72174,Pavani Nadkarni,25,Male,Delhi,32,550.32,49,0,1
a3cc4533-35af-4d37-9771-4fbb0d293eea,Sathvik Bhatia,38,Female,Kolkata,44,303.77,3,20,0
492f29da-646e-4dec-826a-da24915dd293,Widisha Subramanian,56,Other,Pune,1,816.41,41,2,1
6fe01ce1-352d-467a-ac4c-158288adc6a6,Ishani Choudhry,36,Male,Delhi,23,686.45,83,16,1
25c80ec6-4e05-4e87-95ad-7b23d6475d54,Barkha Mani,40,Male,Kolkata,37,1939.55,37,27,1
d7e428c5-3ea9-4824-92d4-d9ccda9b3b2d,Arjun Singh,28,Other,Delhi,8,1203.88,24,18,0
4affa3f7-587d-42c6-a22b-f7954f5775f6,Vedant Gill,28,Female,Delhi,13,825.1,13,13,0
248cef0b-db9d-4877-ac02-644160e85ee3,Zilmil Sekhon,41,Female,Pune,8,1244.84,74,21,1
7cd008cf-ae7c-4de1-9e9d-e1aeffaed3ea,Kavya Randhawa,53,Female,Delhi,23,450.55,31,29,1
151ad683-e587-4c61-93bd-3593bdf01157,Bhavna Gulati,57,Male,Delhi,43,999.28,10,22,0
cea1bb96-0fb6-48d8-b014-8b891d61c41c,Agastya Cheema,41,Male,Pune,1,1327.22,60,7,1
64423282-5c44-407b-b0a4-f11f4de06802,Nicholas Chhabra,20,Male,Hyderabad,45,1080.02,17,12,0
c4128b78-33c4-49b8-9731-ff641eb58d13,Turvi Bhatt,39,Male,Mumbai,24,923.2,26,26,0
4d3ad1ef-2a13-45f2-a391-490bf079cd7a,Sachi Dhaliwal,19,Female,Ahmedabad,35,1988.93,54,19,1
e4759416-1761-4e4f-b4c2-1e1dc3e7ff95,Rajata Thaman,41,Other,Bangalore,24,1784.57,53,2,1
528282c3-6c58-4289-a9e1-a4e570948c72,Hitesh Dixit,61,Male,Chennai,17,1322.13,81,4,1
e9ea14e5-bc50-49e3-9d72-96763a4a503d,Yatan Wali,47,Male,Bangalore,5,1224.88,86,8,1
4a72fffd-f3db-412a-b7c5-d31204253a04,Farhan Parmer,55,Female,Bangalore,20,1317.19,74,28,1
ee1e44e6-f14c-4d57-9537-9109239d3038,Champak Srivastava,19,Other,Kolkata,21,562.36,20,5,0
5633d5e4-cdb6-46da-b621-9968025d834e,Jagrati Uppal,38,Other,Mumbai,40,911.25,43,24,1
d559d468-bb16-4619-97ba-3215e5171f71,Sara Iyengar,50,Female,Kolkata,31,271.03,4,21,0
929eea62-b99d-44fa-bb0e-b8f4cbcae4e7,Azaan Salvi,29,Female,Mumbai,46,1055.98,86,1,1
4a87af0e-4744-46bd-a674-37e833f2f606,Dominic Chokshi,39,Other,Pune,36,1177.44,40,12,1
edfa648e-b28c-4861-9e4c-9650b674611f,Abhiram Bhakta,61,Male,Pune,11,609.95,58,4,1
906d6619-a6b4-4cc0-94fa-af446b3ff190,Isha Srivastava,42,Other,Ahmedabad,15,1935.25,88,27,1
0808b2a6-4661-4818-aa06-6be52c95e0a2,David Bawa,66,Female,Mumbai,19,1837.02,53,26,1
ea57d46e-4e09-49ec-bfe4-0a7a3f74c6c8,Reva Patla,44,Male,Delhi,7,1499.86,73,24,1
978282c0-bab8-4f1e-a17b-8b3719ea735f,Indrajit Pall,59,Male,Hyderabad,28,1160.1,21,7,0
80cb2dbf-722c-476f-8510-6e45dd6f1906,Rachit Raj,45,Female,Ahmedabad,43,1765.94,82,22,1
107094bc-69b0-4802-b7d1-e6470e2ed055,Megha Sibal,33,Female,Ahmedabad,5,435.17,64,0,1
8ce9ade2-1778-4570-9426-5bd8c61639e0,Aahana Joshi,32,Female,Delhi,5,1622.92,63,19,1
e18f17e1-e0d4-41c3-a78c-d1a5c0977a7d,Abdul Narayan,64,Other,Hyderabad,30,424.68,70,11,1
1ea90513-bc01-4c43-855e-84b044c83bd4,Arya Kanda,68,Other,Kolkata,32,1629.58,3,22,0
222feb54-91ca-4ea3-a660-f8047f4e34ee,Praneel Rajan,61,Male,Hyderabad,8,696.38,64,10,1
21033e88-205a-4338-be93-1d2f5ab6a01a,Bakhshi Saha,69,Female,Kolkata,10,1778.76,14,6,0
a09cff7a-1d7f-47b7-ad56-21bfcb98df6f,Aadhya Sunder,20,Male,Pune,38,1899.28,75,14,1
38a13c7c-e6e1-4f26-a917-77f40221f1d7,Hardik Magar,54,Male,Bangalore,47,467.83,21,21,0
0ec0f1d0-eb88-444a-83d9-57a3244f5142,Zaid Sibal,68,Male,Pune,32,1032.82,85,23,1
e4685b15-e9d4-4c3e-baee-7c24532b446d,Charles Nagi,24,Male,Pune,48,1965.78,46,10,1
20de4be4-1269-47a1-9d4a-bf96b7a9083a,Eiravati Hora,38,Female,Bangalore,28,1070.13,80,28,1
35b61b50-52ae-45cc-a29b-1f7ce5be29f0,Oliver Bhatti,26,Male,Hyderabad,17,1754.39,45,21,1
a4b1201e-867f-4256-9694-a9ee1b002f8a,Januja Nagy,56,Female,Ahmedabad,31,1259.72,13,25,0
4312de94-a378-4be5-8d3b-2f84fc92e159,Anusha Mistry,35,Female,Hyderabad,8,875.59,49,15,1
924d5a38-f134-4129-baa4-90fc5016c728,Udyati Suresh,21,Other,Kolkata,40,714.41,19,2,0
3859133f-cb0f-4750-9ef5-5d2e03696ac3,Dayita Warrior,42,Female,Delhi,25,565.8,49,19,1
b5ff44e7-1555-46a9-ab10-67148b316989,Bina Anne,31,Other,Kolkata,9,1571.24,32,13,1
024aca36-f491-41dd-8d34-adfe566bc3fe,Ucchal Bal,67,Female,Delhi,2,895.77,58,2,1
c2d3c45e-c8a8-432e-b095-039a99e0bfdf,Yahvi Sundaram,26,Female,Pune,15,1120.3,42,0,1
28ebd083-b6ae-44c1-a7c7-fc53b4c6c538,Samuel Butala,43,Female,Bangalore,3,1086.19,78,25,1
02e2b240-9538-4874-9b5a-ac3ce69e7b1a,Lekha Sabharwal,19,Other,Pune,49,1239.1,11,20,0
727e8c3f-422c-4751-842d-c4df4f35099d,Falan Sastry,37,Other,Mumbai,36,1758.04,39,14,1
2a61f3e4-e8a2-49a5-bc59-c824835f27ed,Umang Biswas,45,Male,Hyderabad,4,1965.33,19,0,0
8cfe53f4-c798-4dc9-913e-e53797e59ba3,Atharv Varughese,64,Other,Delhi,14,933.65,37,16,1
b2f10d53-c80e-47d9-a7bd-5b90e8c4c7f5,Upma Gaba,24,Other,Kolkata,41,1689.53,2,1,0
9381b4ff-6339-45b1-aaea-2d1bab8902e3,Victor Balan,61,Other,Bangalore,41,1576.15,27,28,0
243c8d7e-7422-4943-b864-285924deb659,Wyatt Warrior,25,Other,Delhi,25,1232.35,55,19,1
0a962618-02c5-47d0-906c-3652e97adf53,Sai De,64,Male,Kolkata,10,1920.88,89,5,1
2c53eae8-1e0e-4f4c-8970-d066b867d1fb,Balvan Ganesan,52,Other,Hyderabad,21,560.85,12,7,0
8fd4ed53-773b-4f58-bf06-c8d30dedb49d,Jagvi Gade,31,Female,Pune,36,396.68,76,28,1
e79a1b10-05c0-429b-b811-66bbf68724fb,Turvi Raval,34,Female,Hyderabad,12,1737.13,65,15,1
d4a8faa8-3df9-4443-ba7c-c5572ac2556b,Panini Raja,53,Other,Chennai,27,990.47,36,18,1
deb81b49-57a7-480c-93cd-c74e7bf41739,Arin Balay,67,Other,Mumbai,40,1724.54,48,0,1
db9285fe-c171-4120-b8b2-0228377b6203,Charita Agarwal,57,Female,Chennai,2,1807.56,65,2,1
a1dc14a7-a56f-4d9d-9719-543800e54292,Chandresh Ray,21,Female,Bangalore,13,312.42,35,27,1
28d5e289-134c-4d43-b729-2c5b994cbd82,Gavin Kamdar,19,Male,Delhi,32,1790.24,53,2,1
e69d5df3-9ae1-43aa-a813-9deabe234111,Barkha Ganesh,23,Female,Bangalore,31,1006.97,25,4,0
af54d02a-04ae-459e-b9a8-ecfa0e3961ce,Wriddhish Sekhon,59,Female,Pune,16,1118.78,74,26,1
0d18085f-d19c-4c2d-a3c9-f035d6c82be8,Fitan Goel,21,Other,Kolkata,32,1327.87,71,11,1
c527ee8d-f476-42e1-a003-15cbb6ffeb90,Rayaan Majumdar,46,Female,Hyderabad,32,1867.49,39,11,1
9f5dcc6d-43fc-460a-8bad-c5c11921dfc5,Manbir Kara,35,Male,Chennai,34,234.41,42,19,1
5e5e9005-410a-4591-ae3b-0235a5893714,Daksh Guha,43,Female,Ahmedabad,11,1058.32,21,12,0
c4f87090-d4bc-4881-bb6a-f671d5dc75cf,Chakradhar Sarraf,61,Other,Chennai,10,1437.9,19,19,0
c458488b-52b6-417e-8d63-296636245565,Samar Kakar,51,Other,Pune,15,1500.87,7,8,0
80a873b5-5506-46c3-bac8-9be64f3e7ce1,Yagnesh Parsa,27,Female,Chennai,17,1446.56,28,6,0
135e9541-5d71-4728-9ecc-8e683a015f6d,Wridesh Basu,53,Other,Pune,40,441.98,39,3,1
5689d642-af97-4918-80eb-54d98f917aa1,Gayathri Dhillon,31,Male,Ahmedabad,18,738.91,89,18,1
19cea9cc-06e6-4030-b018-cfc6a14ff659,Chandani Tiwari,48,Male,Bangalore,9,845.69,29,21,0
cc4a347c-6866-4072-980c-2a925eddf1ec,Robert Verma,65,Female,Hyderabad,25,1647.99,80,18,1
e5190de2-c964-46ec-bb38-1927c3667ea8,Yachana Nagi,32,Female,Delhi,40,701.77,83,5,1
6bdccfbd-3f4e-48d2-8c8e-aa40ea1b3cd0,Qasim Rout,25,Female,Kolkata,14,579.27,54,26,1
71adb794-8b4c-482f-9ee5-d31c080f10a3,Thomas Butala,31,Other,Delhi,25,1923.41,15,12,0
d6385a10-dd8a-42b1-a719-556bb3a04f4b,Farhan Palla,40,Male,Bangalore,22,215.95,45,10,1
7cc9f6af-3236-4c21-bd55-27ab7bf66a9e,Faraj Mannan,57,Male,Kolkata,30,1996.08,61,12,1
20a279be-8cd3-407b-a24c-2f2f9b6edc29,Bakhshi Boase,38,Other,Chennai,20,1418.28,6,12,0
e7a6192c-d287-435e-a2b7-f7423cc2b266,Mahika Modi,33,Male,Ahmedabad,21,1691.24,79,27,1
213611e8-1555-4d88-8f6c-4e1e9c6d46b9,Manthan Soman,62,Female,Ahmedabad,44,730.31,44,24,1
fa4878b3-ada3-49f8-beb7-6350d8147059,Alka Dhar,35,Female,Mumbai,32,225.77,58,21,1
a3bd6ff8-2dbf-464d-9e2c-6e893cd40732,Vihaan Dani,64,Female,Bangalore,46,1528.17,55,27,1
7209d066-c42a-4a0c-b685-6025b24d3cbe,Jatin Bansal,41,Male,Bangalore,49,1701.46,47,19,1
0df3f8f8-c244-42ef-bfdb-10b8d1a35efa,Samuel Keer,43,Female,Hyderabad,21,1532.86,26,14,0
8165dd92-bc1e-450b-b4e8-170dc8d8c725,Falan Om,42,Other,Delhi,35,457.13,52,20,1
98c04142-cb25-4ec1-a5e9-3dc6f6ce3cee,Anamika Prashad,62,Other,Bangalore,32,1556.17,86,12,1
5d81bc08-a676-4583-bc70-1b08405c8150,Shivani Samra,58,Male,Bangalore,30,1584.06,87,21,1
9e3bca82-b31d-4ed1-9819-89c2d33fc6c6,Urvashi Ramakrishnan,46,Other,Chennai,39,1385.37,72,10,1
3444e33c-2ace-41fc-b766-dce275571515,Samar Kothari,32,Other,Chennai,49,1579.01,34,18,1
68d7036c-b24d-4baf-b5b9-782a73da00e5,Hamsini Rau,62,Male,Kolkata,12,1722.66,50,7,1
10c5e8d7-b294-45cf-b304-36dc872ea29c,Panini Deshmukh,18,Female,Pune,41,1304.49,83,19,1
4b55ccd4-686f-43d3-8814-0fb3f013eef8,Falak Yadav,42,Female,Pune,47,359.49,36,7,1
5d61e8ab-4ae4-4fb2-b26b-0fa0d1c5ba4a,Chavvi Sama,24,Female,Mumbai,18,1077.73,80,9,1
bf7608b0-2a85-44ac-ae55-a378d0b7eafd,Darsh Brahmbhatt,26,Male,Pune,21,339.77,56,25,1
1529c386-19b1-4126-a43d-8bf63fd31868,Anamika Datta,41,Other,Hyderabad,13,933.58,7,15,0
0c10584b-8ca5-4db2-8676-3060b4b8c72d,Yauvani Mangal,18,Female,Mumbai,21,932.79,78,18,1
358da9f0-d88d-43cb-8eb7-86bc37e1d51e,Tristan Walla,61,Female,Kolkata,8,318.82,19,25,0
66b4c885-4fde-4f81-a44c-4417ee443b28,Bina Sawhney,25,Male,Chennai,46,827.88,52,22,1
4d689dc8-7649-4b73-a711-3222c07c0aaa,Bhavika Minhas,41,Female,Pune,40,399.8,11,10,0
3fc6bd36-9a76-4b49-8487-88fac4046314,Gaurang Devan,28,Male,Delhi,46,1654.82,48,12,1
f31481bc-638c-44e0-a6d2-8846724bb39f,Jasmit Mistry,68,Other,Chennai,7,1905.84,16,27,0
b7f89cdf-f046-4593-8798-2b1b3bb9d267,Ekiya Dhaliwal,34,Male,Ahmedabad,23,330.17,63,8,1
20d69f8e-ca38-475f-8c7d-e77e34331927,Chanakya Rajagopal,25,Male,Hyderabad,44,1919.21,41,19,1
653b8356-c579-4ddd-81e8-c0c224be62eb,Vrinda Bhagat,52,Male,Chennai,32,1140.64,28,23,0
1045c1d0-23b3-40e6-ac91-1f1040987233,Eesha Sachdeva,52,Male,Hyderabad,11,739.22,18,18,0
af6aa18b-7997-436c-936c-007ef76cbfc1,Balveer Basak,50,Other,Hyderabad,22,338.35,10,15,0
5101d2af-def5-470a-bafc-631de9373290,Anvi Ramachandran,22,Other,Hyderabad,22,1101.12,49,6,1
7ca4598c-6e91-4efb-b343-0971bd7d5dd4,Frederick Hayre,59,Female,Kolkata,43,1630.13,70,18,1
b5baacad-9f3a-4edb-b5a6-543196e6eaf4,Garima Seth,56,Other,Hyderabad,25,1472.76,57,11,1
2344eac3-a0bb-4da5-b203-1681e7ee1f5d,Tejas Kala,58,Other,Hyderabad,22,290.41,33,14,1
4888a7d0-741f-4872-a64d-38fadfcca075,Leela Swamy,45,Female,Ahmedabad,28,331.22,19,22,0
90405969-09f9-4067-b24b-832b4c0285b1,Yashvi Dubey,24,Other,Delhi,29,925.17,49,13,1
df510faa-20ca-4ae4-9f3b-1998a4a8bcf9,Daniel Goswami,26,Male,Mumbai,13,731.52,87,10,1
7bb6e7c1-d62e-478d-9456-f07211eb07f7,Kai Ahuja,25,Male,Bangalore,18,618.29,9,25,0
3dfb8f8d-bb60-404f-8f3b-a597466c14dc,Balveer Nayar,29,Female,Ahmedabad,2,705.81,31,9,1
532c60b5-00df-47ce-80c7-f0641ceaf909,Siya Ratti,51,Female,Mumbai,29,1646.27,51,26,1
8f0a2516-f78f-4ade-9880-f28a44e926d7,Rayaan Nazareth,50,Female,Hyderabad,21,1872.61,14,10,0
4e097f61-7b0f-4ca6-abd7-fa55bb34fedf,Krishna Sunder,65,Male,Delhi,15,929.18,83,5,1
b0df1ef6-0fe9-4b53-97d4-24bbcbc44335,Atharv Biswas,40,Other,Chennai,27,1831.0,2,1,0
cf46bc68-350c-48ff-a090-8e9b10a40610,Mohini Sha,41,Male,Delhi,31,778.69,36,10,1
bf489b48-a8d1-493e-a595-a92a583ed1a9,Avni Kohli,54,Female,Ahmedabad,15,1057.59,39,18,1
ebdc962c-8ff9-4ab3-ae9e-da0456f51311,Praneel Salvi,52,Other,Hyderabad,23,606.85,71,5,1
677b23f6-66fc-427b-850b-f5f3e7dc1c04,Pahal Patla,61,Other,Delhi,24,1352.86,39,13,1
dbfe2f8f-9687-4b8f-8afd-d7ea87782bd9,Harsh Dar,57,Male,Pune,44,1962.17,55,19,1
cdc90cc3-39fe-4bcf-936e-9c1aceb78d96,Utkarsh Comar,39,Female,Delhi,13,1286.29,22,5,0
50da4120-ce71-483d-85a1-d7d26d85b523,Saanvi Warrior,44,Male,Hyderabad,22,844.07,10,16,0
cbcf5f84-3aa5-4c17-998d-6aa9db11f35c,Maya Lall,52,Other,Kolkata,43,1366.07,63,9,1
873962e2-cb6a-42fe-b3e8-786c4107b1b5,Jack Bedi,18,Male,Pune,37,421.26,7,27,0
809f32fb-fabc-42ff-bc05-e3e67f39b06e,Nidra Chakraborty,52,Male,Delhi,33,1799.59,55,0,1
98fb1df9-4e7a-491c-a880-cd7c81403a7d,Ishita Nori,54,Female,Bangalore,3,1105.55,59,2,1
e3aa39c3-43fe-40be-9469-4ad949fe6072,Wakeeta Dhaliwal,64,Female,Bangalore,19,1008.83,9,7,0
5f6ff90d-b624-4eed-a233-82e1ff1f836c,Gauri Tank,31,Other,Delhi,23,1254.56,38,7,1
23cc19f6-3a87-4332-86c8-31a4513bd50f,Rishi Ahuja,20,Male,Kolkata,29,1324.61,27,26,0
afe56e0c-7143-4105-868a-e378d47e7ec6,Gautami Sahni,18,Male,Chennai,30,329.2,48,19,1
631832d8-035b-48d4-b501-6f06d284597c,Leena Din,22,Male,Hyderabad,39,1428.71,35,21,1
22b12748-eca2-4616-ab4c-c7b49814c96f,Wyatt Bhagat,43,Other,Bangalore,44,635.48,12,14,0
e28c7e94-488f-4779-95c6-0cd90a4c4279,Nidhi Batra,31,Other,Chennai,47,1485.11,35,23,1
52fa481b-6cd9-4b16-8f88-ced9b2325fca,Xiti Rana,56,Female,Delhi,25,1680.56,25,6,0
bb9a94eb-b81c-44cd-96bd-e7bbc2e81b24,Ganga Pathak,44,Female,Ahmedabad,37,1647.13,85,10,1
a806c861-08d6-442c-8d94-2c3f43f1e80b,Ekta Solanki,26,Female,Chennai,47,1194.5,3,6,0
b95937b0-a08a-4bb3-b38f-31823ee4ec3c,Chaitanya Nigam,32,Male,Pune,8,1136.31,81,28,1
c8b86044-f006-4fbc-a6d3-39fe461bbe0a,Tara Date,32,Male,Mumbai,42,457.18,63,3,1
0cbd3a30-187a-4079-87bd-9ccda4d68978,Falan Bakshi,43,Female,Bangalore,16,1595.62,37,24,1
35627e37-5424-4981-8fd2-56d0bc36aac5,Mugdha Mallick,59,Male,Delhi,8,688.54,87,11,1
9606a3df-78cc-4e6d-bbf9-4e5cae732e32,Bina Bahl,30,Female,Ahmedabad,1,1094.05,86,25,1
f89582d4-a9c9-4c1d-a469-ac72652a6463,Amrita Thaman,68,Other,Hyderabad,44,711.69,21,5,0
f1996c87-7279-480e-8d12-d46c61ca53ba,Yashasvi Anand,49,Female,Ahmedabad,5,440.89,1,13,0
07ad9a41-6b4b-4599-af50-f319aa231c11,Jason Deshmukh,56,Other,Kolkata,3,1333.2,30,11,0
a6d8ebe8-2334-4620-8af7-e1267de085f3,Daksha Wable,66,Male,Pune,1,297.8,10,10,0
e1cc1563-7238-4494-86cc-8786a3b61b09,Faraj Sen,69,Female,Delhi,4,1547.56,45,18,1
c67dd0d3-6029-4791-81d6-1c48548c419e,Abeer Anne,49,Male,Hyderabad,40,771.66,61,20,1
e9171a24-c872-4779-8be3-c09cbc51ec57,Harini Deol,21,Other,Kolkata,35,200.24,68,4,1
7da63489-2cbe-4ca1-93d0-e09d6d13af2f,Waida Guha,47,Other,Kolkata,32,1120.03,63,13,1
15dca0ec-7561-4e07-b81d-0237b4b7ab34,Girish Natt,54,Other,Delhi,42,284.33,9,20,0
a14401a8-566d-4a69-ac10-ed38091f252e,Chanchal Contractor,40,Male,Pune,34,697.11,39,23,1
686fd3df-919d-496b-acf3-5ad395c2c123,Chanakya Chander,56,Male,Chennai,43,1472.56,23,15,0
2194450d-d08e-4b09-92eb-920be37d1b4b,Aadi Merchant,62,Male,Chennai,25,312.84,43,24,1
dec4bd78-7962-4835-9c74-a056a751d7c6,Henry Rama,32,Male,Kolkata,10,1710.81,59,12,1
0806f4b6-9863-454d-95ba-8f1a246105e8,Qasim Vig,60,Other,Chennai,21,206.88,61,24,1
3ca80105-02ca-4fab-9d73-100de1ae29b4,Yatan Tella,46,Other,Mumbai,46,644.28,86,28,1
043e0227-fc93-49ea-b805-2258f964116e,Madhavi Iyengar,53,Female,Kolkata,39,1533.63,16,21,0
a969409f-3305-4d00-9d76-812bb023ce6e,Geetika Ray,30,Female,Kolkata,27,769.29,64,21,1
cdad4f4d-3153-4372-8875-9df054fef4ce,Anmol Oak,49,Male,Hyderabad,27,383.41,56,24,1
b735e1f0-f704-423e-8094-1fe02a458604,Sneha Chawla,24,Other,Chennai,2,848.42,54,19,1
dd4650be-4973-47f5-925e-41c37abb63d9,Qarin Atwal,68,Other,Pune,41,686.71,52,21,1
e8303a3d-aa94-4dde-9b41-a6ca23519382,Qadim Devan,39,Other,Kolkata,48,1716.88,55,3,1
76c576f1-df5e-474a-8a69-94e311c5c32c,Anamika Hayre,45,Female,Ahmedabad,13,764.03,8,10,0
b034e65a-748c-4368-83ca-a320c3fdce27,Maanas Babu,19,Female,Pune,9,1620.08,21,16,0
f71de8f1-51c5-4ef8-b4e1-1bea7b796a45,Hardik Bhatti,59,Other,Mumbai,36,1805.37,12,6,0
eeeda62c-abf8-4ab4-a5cc-9cbe22a411c6,Vasana Warrior,62,Other,Hyderabad,22,980.87,88,13,1
65245244-40f0-4146-9a1a-0dee626f8ac1,Jatin Bhandari,23,Other,Delhi,42,1837.9,47,25,1
e94250d7-84b8-42b6-9c06-ecd1e5de2cbc,Naksh Ahuja,45,Female,Pune,26,879.17,17,10,0
f126d82c-b533-4b6c-abe3-72fe517d1b39,Sai Apte,45,Other,Kolkata,12,1935.34,75,27,1
7b4c4eae-3ece-4fd6-9d16-dfd0047938dc,Jackson Nair,61,Other,Mumbai,17,360.72,39,21,1
8b42325e-fff0-47d7-b8f3-c2e6b34c85ce,Ekiya Choudhry,61,Male,Bangalore,14,1436.63,16,8,0
97a6f353-9455-43cf-b17c-bd7fbd4667ad,Dipta Prabhakar,37,Male,Mumbai,14,1088.87,14,22,0
fe4aabe6-6bbb-4eea-b8c4-1273469d2850,Peter Zachariah,47,Female,Mumbai,34,897.77,14,12,0
574a6459-5e29-4880-b506-d7daa290291f,Jhalak Sankar,28,Other,Hyderabad,20,1338.88,78,22,1
b091c0f1-091a-491b-82d4-b50a151ca324,Kashish Bhattacharyya,45,Other,Delhi,11,1466.94,62,17,1
2ee83ccf-2f5b-41ae-974d-cea063bd6547,Chaitaly Naidu,42,Male,Bangalore,16,207.85,38,27,1
8ff5f9a3-ef03-4495-867a-4e671cc70405,Matthew Shere,56,Female,Chennai,31,500.52,12,10,0
70054bf9-83fc-480f-816c-a1d9264c09b8,Simon Mallick,50,Male,Chennai,6,1483.48,80,14,1
a5be4160-cca2-4b22-84b6-d6a4f2500c54,Jairaj Atwal,18,Male,Pune,19,1399.49,31,24,1
7799ea89-3a05-47d9-a5f6-a2eb15b87c6a,Christopher Murthy,44,Male,Mumbai,37,1938.89,8,25,0
8e786ff3-7e9f-42a6-a9ac-ee585141e143,Sneha Saraf,69,Male,Ahmedabad,4,1569.87,39,24,1
4ba250e3-1463-4c63-a28b-848635cb0129,Hema Sidhu,30,Other,Hyderabad,47,1911.39,19,21,0
2bc035dc-40ae-47c6-a847-1e5c682aca87,Zehaan Chakraborty,58,Other,Ahmedabad,4,1464.57,89,28,1
54730824-de65-42c9-bc38-581bff80aec9,Guneet Raghavan,20,Male,Hyderabad,20,736.49,84,18,1
8444d3f1-a612-4795-8aae-722a7d2674e2,Yash Sarin,56,Female,Chennai,10,389.66,81,0,1
f4447b47-74c0-4c55-9ad7-ae7b1561a565,Bhavani Sathe,23,Female,Pune,24,1607.28,76,3,1
85d1ddc5-cd3c-45ad-817a-293178acded5,Nilima Babu,25,Female,Pune,35,1359.47,79,13,1
38fab32a-ea91-4dea-8863-4ef73739096d,Isha Sarin,44,Female,Pune,26,286.73,72,13,1
a871bf69-2619-4003-864a-d1f1d52366ca,Riya Deep,26,Male,Bangalore,37,848.09,62,2,1
c51f0604-f4d0-4c96-aaa9-cd0baaab5168,Umang Grover,54,Other,Delhi,38,1922.24,75,29,1
fe73c0e0-425b-4fae-aaaa-2483f68c4111,Bina Barman,50,Female,Bangalore,21,1100.72,43,27,1
d8e2e9b4-a65c-461f-849b-af12ec1babfa,Charita Pingle,68,Male,Kolkata,40,978.91,37,16,1
d757d343-c63f-4af4-9c0f-be6fa5d7a8ff,Chatresh Apte,59,Female,Kolkata,39,1023.86,82,2,1
6f4d3552-49f0-496f-a4df-d324ec35093a,Dalbir Shukla,61,Female,Ahmedabad,21,575.99,59,15,1
5524991a-0c53-4062-ac3c-41ceeef091a7,Indrajit Upadhyay,41,Male,Delhi,10,863.67,70,13,1
a935e3e4-0a50-4ef7-8617-08b6b455188b,Leela Sama,32,Other,Chennai,38,865.66,47,29,1
e78f2619-4bcd-41cc-ade1-1dd43c5e2090,Chameli Prashad,49,Other,Delhi,46,294.24,17,19,0
3fb6b969-e509-4ea2-bf3c-c717b93e24bd,Aahana Sodhi,49,Male,Hyderabad,4,1581.62,15,28,0
9934b72e-d48d-443e-845e-c0af344abcc6,Eesha Sawhney,41,Other,Kolkata,45,949.71,54,12,1
34fd8fe6-7517-41da-9e3d-e83b301eaa99,Radhika Agate,58,Male,Mumbai,20,1679.92,38,14,1
dc6caba7-f587-4e4d-a890-3e100e127d90,Odika Wagle,69,Male,Mumbai,17,1730.63,67,13,1
3ca22f0a-816d-4934-b87a-ef5f755a28a4,Radha Mammen,66,Male,Chennai,7,581.59,58,23,1
c2e2363d-f82a-4c04-9872-15f69aeaa9eb,Arin Patil,66,Other,Hyderabad,4,1383.24,88,24,1
99f6474d-a1d1-44c6-964a-dae7d28d804a,Vyanjana Chada,69,Male,Ahmedabad,29,1050.11,61,18,1
c509884d-c221-4b73-918d-0084ef9cde8a,Maanav Ghose,29,Female,Bangalore,14,1784.28,12,5,0
5d28ea7e-2209-4ad0-afb9-c01cdb389671,Tripti Ahuja,56,Other,Hyderabad,3,588.33,80,9,1
e241bf52-9cca-45e8-a515-ff8dc6bed532,Vyanjana Ben,19,Other,Mumbai,24,1420.06,5,26,0
fac8384f-e5e4-4a7a-b982-9b69c374a736,Nachiket Gaba,20,Other,Mumbai,37,1293.95,82,14,1
4be84db2-6c4a-4fdb-b097-a1de29b681c9,Lavanya Toor,66,Other,Ahmedabad,16,731.54,76,20,1
85f9c6c4-09db-403f-8bc8-463b6c9db5a0,Arya Baral,54,Female,Kolkata,4,445.88,59,21,1
0f596963-ad3e-4d91-b055-07f999c45db2,Chaman Kumer,66,Other,Hyderabad,24,1372.95,89,19,1
70a2acd7-ee5d-4a0a-89d0-0261e0f5ed77,Urmi Bhat,34,Other,Hyderabad,34,1529.48,13,25,0
c846068b-1c5d-4907-9110-dc47193cb91f,Lakshit Kumar,66,Male,Mumbai,30,768.13,53,5,1
ebb5125c-22a4-4a4d-b398-63c452b2cd56,Vidhi Chokshi,19,Other,Bangalore,18,1360.7,3,22,0
40e28906-6179-4c79-961e-dbf1c10aad58,Libni Johal,19,Female,Chennai,19,911.24,38,24,1
8f59e8b1-87d2-41c6-a737-859817d3290c,Harshil Gaba,45,Female,Pune,31,1483.77,71,9,1
467160b7-39ce-4507-af65-c20fb9f034ed,Suhani Kibe,40,Female,Chennai,19,558.59,24,6,0
3168827a-4a5b-4c2e-8e46-696f5131358d,Mekhala Goswami,54,Female,Hyderabad,49,1802.39,76,21,1
f5165146-342b-44b5-b223-75da413f38ca,Anmol Doshi,49,Other,Chennai,46,717.34,31,16,1
f7c4329f-95e4-4236-bcb2-63b91bb75a77,Nicholas Sanghvi,50,Other,Mumbai,19,862.01,58,17,1
43bab997-5a4e-418f-aebe-159725ea9a85,Bhavna Dasgupta,18,Female,Mumbai,22,304.57,62,16,1
77f9eb14-cece-4a3c-80b3-be9b94f35416,Henry Mani,36,Female,Ahmedabad,24,400.72,37,8,1
0d6d56ec-09cd-45fb-a284-2d26475768b1,Udarsh Brahmbhatt,19,Other,Hyderabad,45,1128.55,52,9,1
b67cf665-0057-4466-8b96-53233ca5c300,Aarush Apte,61,Female,Ahmedabad,12,681.67,66,9,1
28bd93e2-3f68-4346-85a8-d0a19cbab74a,Harsh Golla,43,Male,Hyderabad,30,1703.86,27,24,0
6959578d-522f-4f82-9924-03a9c95e6620,Jai Vohra,49,Female,Pune,38,226.45,2,6,0
00ecd037-4a42-4f9b-9ef0-2aee71eae2b4,Edhitha Bhagat,23,Female,Pune,31,882.37,79,15,1
417d5a52-4831-40cd-a1f9-367c71dbaaf3,Saksham Morar,49,Male,Kolkata,36,807.22,21,28,0
a173851b-51dd-4343-bb58-3c135036c99b,Gauri Arya,21,Male,Hyderabad,19,234.79,37,17,1
0d1e09d7-7c69-436c-803b-f46d47df436b,Jacob Bhatnagar,28,Other,Bangalore,48,423.86,71,5,1
664267a2-b138-4ce7-9bbf-07da33119521,Yoshita Puri,34,Other,Chennai,45,944.56,71,26,1
15a24eee-2a3e-4681-8cbf-895c1d51ed49,Lakshmi Bajaj,55,Male,Hyderabad,36,1087.16,61,19,1
6861e9a6-53c4-48d4-8799-539f733e89cb,Fariq Tank,41,Male,Delhi,30,927.72,56,0,1
297bab23-d1f9-4d22-b991-1269c5a9ffdb,Omaja Sharaf,22,Other,Kolkata,49,1155.69,5,0,0
1567a450-8402-498a-aa85-3b1bd80d4843,Chanchal Vora,69,Female,Delhi,33,1271.24,77,11,1
dbb851a3-665b-4812-9342-252c2f981248,Max Kapadia,51,Male,Mumbai,18,217.86,31,20,1
92b3a451-8079-4954-9116-3c52d04a5a16,Chakradev Comar,23,Other,Pune,49,1035.37,9,27,0
a89c1f1f-9cdb-412b-aab8-0ce2fa654df4,William Rama,39,Female,Chennai,28,1934.3,2,1,0
a78af562-bddf-4581-989f-ccd3fc21616f,Baghyawati Sinha,28,Male,Hyderabad,47,1134.26,58,3,1
19a10361-e4f9-44dd-9865-257ffd58a5f9,Parth Hegde,65,Female,Delhi,11,1419.58,75,16,1
298a9e49-fbe5-48de-947e-59612b675191,Manan Menon,33,Other,Chennai,45,761.35,48,3,1
459c5078-b72e-428e-af9e-be210a6391bb,Ekapad Prasad,50,Male,Mumbai,33,1593.18,58,10,1
f5bffca6-10f2-48d0-a667-5980ca4a8212,Samesh Chana,26,Female,Pune,17,1591.26,30,21,0
7032263b-18c6-4089-b21e-c3c853075ef5,Ekani Goswami,23,Male,Bangalore,6,1138.33,68,25,1
f1f6b497-e51c-476a-961e-f9c55c0d73b8,Jagat Wable,33,Female,Kolkata,4,1956.82,61,3,1
94f7b031-c153-4fd7-b640-1253166b08cf,Rajata Hayre,46,Other,Chennai,20,425.99,51,0,1
f7ba149d-3e15-4fe9-8550-03d3e2bb1233,Jackson Sani,20,Other,Chennai,48,230.51,88,6,1
5037844b-0630-4297-b7e8-1c06d3aba234,Mitali Sawhney,37,Male,Bangalore,47,1586.28,40,29,1
ec4e63cc-1b68-4fdf-9285-cc9438ebcb8f,Aishani Balan,53,Female,Chennai,27,1652.88,30,17,0
442c3326-1435-430f-ad27-23892c3ac5e0,Warda Ratta,36,Male,Mumbai,15,416.37,84,8,1
a7685ac2-3638-458f-9a7b-9bf406243fe9,Bishakha Lad,43,Male,Mumbai,6,678.05,83,28,1
095c5446-7391-4d5d-8578-548b2326076c,Shravya Pai,20,Female,Bangalore,47,231.59,21,2,0
9f07330b-f389-47b7-bdcc-75d113a229a2,Lakshmi Tiwari,36,Female,Kolkata,14,727.96,3,7,0
18607b76-424b-4fb8-bf9b-85d16c9de8fc,Zinal Natarajan,37,Female,Hyderabad,11,1591.66,12,28,0
00b6f51b-b386-4831-a401-384896222f20,Aarav Ratta,49,Other,Delhi,39,1132.33,44,23,1
76c87a2f-d390-49c2-bf5b-c04a13ae990f,Baghyawati Talwar,24,Male,Hyderabad,9,826.57,41,18,1
1b57e805-7b58-4be6-868b-1cf1ac707bb2,Michael Mannan,69,Male,Chennai,26,869.13,48,3,1
e0f949ab-68f0-42a1-b8ee-1bd3b098fe49,Udyati Dora,58,Other,Delhi,16,202.44,19,17,0
22bbeb33-1f7b-4d4b-8bf5-0b4063f142a5,Manya Salvi,50,Female,Ahmedabad,5,739.64,76,19,1
0eca74f4-fb81-4277-9480-6d087fec0bc8,Yutika Om,57,Other,Bangalore,10,1363.63,80,26,1
9192fbda-3de3-4e69-8dfb-46060b986076,Adweta Patel,56,Other,Bangalore,3,1953.55,53,10,1
558f9f9f-e548-409d-b18c-659dcb1eab60,Priya Vyas,35,Other,Kolkata,13,1724.71,35,26,1
f63b9e0b-77af-43ef-8f2c-b32a208f0b25,Tanvi Chauhan,57,Male,Delhi,43,242.47,0,13,0
2b64831b-f2f8-4cc9-9f1a-5850f0be597b,Laban Virk,18,Other,Mumbai,49,1817.41,14,24,0
b87db074-c727-468b-b95c-b9bf4f4ff938,Dakshesh Oza,28,Male,Delhi,30,1609.76,76,17,1
b4faf0da-3117-43d2-8a9c-eeed755d8bdf,Ayushman Khare,45,Male,Chennai,45,1604.68,16,27,0
20c0f563-af5f-459d-9d24-cf8b15766bb1,Diya Varkey,42,Male,Mumbai,6,1024.39,23,27,0
5f37d578-f69a-40ac-a55a-e57d5793db62,Kai Pandey,67,Female,Pune,17,916.41,57,28,1
d1dae7af-950d-469f-9f88-55e832478b18,Jatin Oommen,40,Male,Pune,45,745.25,71,15,1
04799106-14af-4a49-9ad4-459ebf7b1f8d,Harish Sachdev,48,Male,Ahmedabad,19,318.25,22,2,0
37d368fb-cce5-47e1-a352-9e2490a4d765,Upkaar Kumer,47,Female,Pune,42,610.82,45,14,1
6492eac6-c2c7-4213-a545-5fe15b1b962f,Lekha Sur,59,Male,Bangalore,35,643.89,71,26,1
50b3a4eb-dfa9-4240-9e6d-3be50b13aa3f,Vedant Thaman,52,Other,Delhi,46,1071.34,7,26,0
bb249478-72d1-4f32-a08e-9bf893faed39,Dakshesh Sandhu,24,Other,Pune,26,1545.4,58,3,1
af47f2de-5c5f-4c23-a5a9-f6792a579e73,Upma Amble,33,Male,Hyderabad,5,1052.86,89,4,1
b71a8281-a46f-45a0-8e34-01ec9078c2a6,Saksham Thakkar,43,Female,Kolkata,29,304.12,58,16,1
29dd8b60-3c0e-43f5-a2af-413c93872c54,Abeer Gera,65,Other,Hyderabad,37,1924.02,12,6,0
20e02a97-739d-4fdc-8464-739519bd0ac3,Anvi Sehgal,69,Female,Pune,20,1896.9,38,15,1
a8d62be2-8a46-4a49-b75e-a5ce0b171a97,Isaac Upadhyay,66,Female,Ahmedabad,49,1613.34,27,13,0
3e237c71-7fe8-42db-945e-26c4c31d128b,Bhavna Rao,19,Other,Kolkata,21,1984.39,88,25,1
b2964dde-5211-4659-9d80-1c728b5051e8,Bina Mishra,18,Female,Chennai,10,1180.07,60,15,1
a1206479-4123-45a6-b900-a25444ddfe52,Devika Parsa,65,Other,Hyderabad,5,1932.98,15,6,0
2b30f7de-8783-41a6-aa40-29f9a862c8d9,Lavanya Sha,29,Female,Ahmedabad,36,336.09,1,8,0
1d71f470-c103-47ee-b051-51ad415ae172,Kashish Pall,22,Other,Delhi,6,858.23,81,3,1
c7b79dd7-618a-4bad-9b03-4b410a47c451,Harshil Dar,54,Male,Delhi,26,605.69,16,29,0
3335e8b6-b523-4afc-be4c-3604214e8232,Anmol Karan,49,Other,Hyderabad,4,552.5,29,29,0
32fe6f26-8a4a-4dc4-aa0e-9274e8e266f8,Darsh Barad,26,Other,Pune,39,453.45,12,21,0
c01fc2ef-c021-40c8-9711-933b10edcf34,Yochana Sanghvi,58,Other,Ahmedabad,39,1320.34,81,10,1
9cf6da1a-493e-425b-aeb5-a18ebd7924b0,Rehaan Sood,52,Other,Delhi,35,1606.38,12,1,0
363d6638-12a7-4005-9707-34bd50335428,Tristan Deo,36,Female,Chennai,1,1240.94,42,11,1
eeaaa451-b805-433a-8c9d-f79e27f2f1fb,Luke Batra,65,Male,Mumbai,24,464.53,84,11,1
b36cd0be-92d4-4c8c-9cdd-c0f11b9eb939,Michael Sahni,33,Other,Pune,36,1660.02,20,29,0
89dcfab5-92f8-43c9-849a-0d2ae817fd09,Aayush Trivedi,20,Female,Ahmedabad,6,1344.72,54,3,1
fcbf2d24-a9bf-4b27-86f7-6c696f204e33,Faqid Swamy,37,Male,Chennai,41,898.7,80,17,1
243db0c5-0195-4c12-980f-aaed179b68f2,Arin Parsa,41,Male,Ahmedabad,46,1413.43,39,25,1
8d90529c-98f2-4acb-9ec7-4b03ef785ff1,Hamsini Nadkarni,50,Male,Kolkata,44,667.83,82,20,1
27780442-5c4f-44b5-bc6d-ea1ebff98c49,Indrajit Subramaniam,41,Male,Chennai,31,821.35,14,6,0
7abb0d20-7951-4d0e-ae60-7748c5fd12fc,Reyansh Saran,69,Other,Pune,20,1851.47,72,28,1
42ff3f33-7360-4df7-8226-5984d0a7927b,Yuvraj Bhatnagar,28,Other,Kolkata,24,722.91,51,0,1
2bbd0d5e-0533-45d0-b322-1a0863d435ca,Aachal Bahl,66,Female,Pune,25,1045.98,73,25,1
46f8c0be-d4bc-4efe-aae8-2f7d15268242,Chaitaly Shukla,25,Female,Delhi,36,1802.25,52,25,1
3c10254f-791e-4425-a4f9-bad78a45b089,Aadi Sane,53,Female,Mumbai,21,1473.9,86,22,1
d4f38ec0-2f6f-4a38-b1b6-ddaadfabee3e,Madhav Pandit,55,Male,Pune,30,311.97,51,25,1
5a45b7f3-be36-4bc7-b6ad-5e355287335d,Eta Sandal,57,Male,Pune,24,465.15,29,12,0
da9bc116-985e-4ba1-8a11-2e91352856c2,Eesha Madan,37,Other,Delhi,44,214.11,32,5,1
f6b2cdff-b473-4687-8abd-afc5be1288e0,Faqid Kadakia,52,Male,Bangalore,42,1335.66,56,5,1
0a217a01-71a0-46f9-a5ca-994084125fda,Vyanjana Lad,65,Male,Delhi,30,1005.81,51,11,1
3ba5f586-1343-4763-b75a-d7180f648acd,Naksh Chakrabarti,42,Male,Kolkata,22,441.69,8,7,0
0d7cd59c-1813-4be8-9cb3-dcc9d81e4983,Panini Agrawal,52,Female,Delhi,28,1924.28,53,23,1
49048eab-3967-4fb7-8491-b00787867826,Balhaar Pau,42,Female,Delhi,7,1153.39,0,21,0
d8186181-d3be-4f1a-bee7-dc79ae7e34db,Rachana Barman,46,Other,Mumbai,35,635.41,43,18,1
edd40983-1ab1-4d4d-b0c2-ae65bc2cc9ab,Triveni Subramanian,35,Male,Delhi,28,1101.09,74,4,1
e69081b9-945f-4b1e-8a9f-882fa44f54e3,Nitara Pai,63,Male,Ahmedabad,14,1423.32,79,17,1
93ec0f65-d8d0-4cc6-83e2-2568ef4a9d73,Waida Thakur,35,Other,Pune,10,337.23,8,29,0
b4d4b466-22eb-4bf5-859a-cfe8d1d7872b,Udant Chatterjee,19,Male,Ahmedabad,16,694.47,31,4,1
3376db95-ec06-43c2-af21-1e2bed0bb114,Yuvraj Devan,52,Male,Mumbai,16,1652.54,14,29,0
275ff36c-2807-4239-8a0f-31c92ca5e9e2,Panini Solanki,33,Female,Hyderabad,31,1027.4,11,24,0
edd1343d-5b01-406f-b262-f7bd07a04d54,Nitara Bhagat,58,Other,Bangalore,42,1183.84,77,9,1
ace83619-8ef7-4ce1-aeed-9a338b8c8461,Chaitaly Misra,53,Other,Ahmedabad,25,979.07,56,0,1
2ce105a8-3446-4e7f-9aab-3f4b261d8c0f,Vedhika Dyal,50,Other,Mumbai,13,279.02,7,9,0
7746824d-a197-46bc-9538-a83d0d1ed338,Osha Maharaj,21,Other,Kolkata,6,498.35,71,4,1
a019b66a-6944-4f31-a334-1a63572444ce,Vivaan Mukhopadhyay,50,Female,Hyderabad,44,1001.97,26,11,0
b1eecdfb-3363-45fa-909c-4ac4338c4054,Upadhriti Dugar,31,Female,Mumbai,9,576.53,61,21,1
4766016c-0992-4bb4-aea0-456779a1e742,Luke Dixit,38,Male,Mumbai,45,289.96,11,29,0
ab9e9446-4a92-4e2a-a483-f73abb706f74,Faris Apte,65,Male,Bangalore,36,1718.57,64,26,1
657dcd8b-e079-4eb9-93d3-3e5aef03c589,Gautam Munshi,37,Male,Pune,43,1966.15,41,6,1
6d372436-8229-4955-8192-ae9aa6f47d32,Ishani Sandal,25,Male,Ahmedabad,20,1627.66,61,8,1
f2ada830-005b-478d-8e9b-98931c5b6c3f,Quincy Dhawan,24,Female,Kolkata,18,1736.81,10,21,0
ef3fdf29-bd8d-4ef2-a98b-1bc24d657348,Theodore Krishnamurthy,20,Other,Chennai,43,635.56,42,20,1
e29b4fd9-bc79-4295-a440-eef677af9d51,Sanaya Chander,34,Female,Ahmedabad,21,1929.13,16,11,0
30ab4e18-1aec-4a69-86d3-62dcf9365fc0,Hemang Virk,50,Male,Chennai,4,554.47,31,22,1
1509fa29-0c2e-4cfe-8764-abd1b6f6ae9e,Vedant Murthy,65,Female,Mumbai,33,1912.57,84,28,1
50f9345e-fd9f-488f-b679-fbcf5dbf46b2,Bhanumati Shukla,29,Other,Delhi,27,1990.67,84,0,1
a6a50d65-016c-43f9-9969-579def497a04,Nathaniel Bansal,68,Other,Kolkata,7,1481.1,39,10,1
4647a108-29f4-4d15-b9a9-a49de0a74121,Om Master,39,Female,Hyderabad,6,1966.06,22,29,0
03d1bcf1-deec-4152-92e5-b9849fed62e0,Eshana Bhatt,39,Female,Delhi,15,1225.17,55,20,1
33fc1867-4b8b-4b24-a83d-69ee0b7ba29d,Max Chawla,63,Female,Delhi,18,667.18,5,14,0
35518b37-7c18-4af1-8c59-f4ff15f13c35,Netra Grewal,47,Male,Ahmedabad,32,986.59,85,1,1
880d355f-48cb-4895-93f5-63a55dba381c,Leela Luthra,55,Female,Kolkata,11,1268.41,49,19,1
2aac53d3-778f-426d-a70a-a2659ace8659,Chakradhar Dugal,55,Female,Pune,20,331.55,36,6,1
d9c20dee-4e53-41c8-8ba4-9e0f1ebe7a16,Oni Brahmbhatt,62,Female,Mumbai,24,1320.22,63,20,1
2dca09a5-4857-4dcd-abdb-38cb25247466,Jagat Doctor,68,Other,Mumbai,15,1966.12,53,11,1
e316ee94-aec3-4dd3-ba72-1f90f4bdac86,Advaith Morar,25,Other,Mumbai,48,542.19,71,21,1
2203df87-952c-4d58-9c4b-1263dac409f1,Frado Buch,44,Male,Mumbai,7,1626.67,48,17,1
8dcee5fc-ae1a-4e94-9ab1-c6a7f8d4d03b,Meera Palla,44,Male,Ahmedabad,21,1834.22,10,2,0
271b5b3b-6136-4b42-8f1e-838231f105cf,Abeer Khurana,51,Other,Chennai,42,1898.66,87,6,1
f6f5e58d-2fbb-42e7-9d14-087546c02f98,Amruta Palla,38,Other,Mumbai,26,1928.24,48,10,1
e9a525f2-8ecf-47c7-bca6-289fdde8f490,Zashil Gopal,47,Other,Chennai,44,1138.63,20,17,0
efc79d6f-c30a-4a6c-800d-29476deeb442,Pooja Nadkarni,50,Female,Chennai,14,1959.15,65,11,1
78b9ef51-f058-43d4-adf9-9009ae8c1b2f,Lila Shanker,45,Female,Pune,37,1563.16,62,5,1
25cc9b28-5853-46f6-a3e4-f8c34244b52c,Nirja Ghosh,64,Other,Mumbai,21,491.01,82,4,1
1bbc34c3-ad2a-4b5d-b768-32153bda4a41,Forum Patla,50,Female,Bangalore,18,1058.42,27,25,0
79988428-47a9-436f-8d49-5bfa050effa7,Chaitanya Nagi,22,Female,Hyderabad,5,1493.0,16,0,0
fd453138-ddad-45fc-a06c-65044cfd9e56,Sneha Krishna,65,Male,Delhi,3,645.21,5,11,0
aaea2f6e-e1ce-4ec5-9d85-94bc3cc3573c,Saanvi Vora,36,Other,Chennai,23,1353.11,18,26,0
87dde38b-ee12-446d-b48b-9acb4d37f89a,Nirja Bal,21,Other,Kolkata,26,1399.88,55,25,1
0b77e3af-fe0b-4e24-9159-e85c65670883,Guneet Morar,52,Female,Kolkata,37,492.86,27,10,0
801154bd-d269-4d0b-8fd6-b01abe7512ba,Noah Patla,66,Other,Hyderabad,24,1217.15,65,3,1
a0e533d9-e357-45d5-8cc2-d1d52338f252,Yashvi Konda,34,Male,Kolkata,49,1588.93,37,26,1
6ff7e2be-cb03-40ed-9c7e-b96c4fab2d9e,Jasmit Jayaraman,61,Male,Bangalore,19,1098.01,36,17,1
03f106eb-d4b2-4909-93f7-24c3cd0ad36f,Kamya Raja,45,Male,Kolkata,25,221.79,67,3,1
91d8f41c-37a7-4c8a-932e-14d4dc8b8a4e,Diya Bumb,47,Other,Delhi,21,216.27,85,16,1
377fb57d-efc2-48c2-bbca-e084a4a8aa6d,Advay Shere,46,Other,Delhi,12,842.65,89,1,1
6924bf8f-06f7-4243-a83a-79de2c2454b6,Riya Bhatnagar,63,Other,Chennai,41,1867.15,48,28,1
4e846fef-724b-4859-8261-bc466848bfa8,Udant Kala,23,Other,Mumbai,33,611.62,42,23,1
bd161ba3-f0cc-45ad-894e-36db1ef01334,Wakeeta Kala,52,Other,Pune,4,1341.85,35,21,1
8ae35290-559f-4197-89ba-e0264d1f8bdb,Abhiram Mandal,58,Male,Bangalore,42,599.74,57,1,1
ec0b0343-b38c-4edb-ac3a-283ce81adc8c,Teerth Sharaf,54,Female,Chennai,7,779.01,12,11,0
a7d8447b-c10b-4c79-8c91-7bcd8120f6dc,Radhika Sethi,41,Male,Bangalore,22,1726.48,51,5,1
53be6d0a-f5fb-4832-bcb3-ec1e149605f5,Jason Munshi,46,Other,Mumbai,33,1511.95,57,9,1
e41ff56c-c172-4add-a605-a0a02a8da8c1,Henry Ratta,66,Male,Ahmedabad,17,371.72,31,24,1
b0d5af6b-608c-484a-8551-e3cbfabe3b4b,Urishilla Nanda,63,Other,Kolkata,24,971.66,80,22,1
301d2e6c-f90e-495e-965e-35ee92437d51,Leela Yogi,48,Other,Kolkata,34,252.51,59,24,1
83032c37-eec1-4e1b-bd03-b96d005cf6eb,Krisha Barad,52,Male,Pune,28,1065.6,82,20,1
07b12da3-8f90-4a6c-9774-3724463aefcb,Keya Sagar,50,Other,Mumbai,43,1392.38,57,22,1
e7ba7d10-2849-4906-b85c-232c8d9464ae,Lucky Reddy,69,Female,Chennai,41,413.3,55,26,1
1020f12b-6f8a-4d8e-8b43-227994e5f28d,Radha Saran,38,Other,Pune,39,719.99,27,15,0
d41c81b2-5bf2-4a95-a733-3a12fc31a5ad,Ekta Cherian,49,Female,Mumbai,22,916.11,0,13,0
bafcac5c-6d4d-476d-8fb2-85486d1762e8,Jackson Pai,40,Female,Hyderabad,49,1855.16,41,6,1
7d55b74d-e901-4ff4-baa4-4972e221c241,Oni Merchant,50,Other,Delhi,17,1987.86,81,27,1
121a52d5-54ac-4d71-ac8e-34f467246723,Chanchal Batta,20,Male,Pune,34,280.84,47,27,1
b9aa4b8d-234c-445f-8017-a94fcfbe4a4c,Imaran Ravi,35,Female,Pune,6,1569.81,39,18,1
e80761c5-5bad-4e70-8b1d-476c63e5607e,Nicholas Kohli,42,Male,Chennai,46,869.1,62,22,1
94874543-701d-4273-ae01-337fc4240076,Sai Bail,59,Female,Bangalore,6,906.42,75,16,1
fc2fd354-e970-4ced-b93f-f207a5816f3e,Eesha Bhat,48,Other,Hyderabad,34,1557.68,71,8,1
adb3eb2d-7d0e-4aed-9efe-d59505e13760,Jonathan Rout,20,Other,Chennai,1,1853.17,87,25,1
c3265443-5e64-437f-abdd-07681695c2d0,Kritika Rege,57,Female,Mumbai,10,1911.67,79,12,1
aac0a211-1b99-4097-a8bf-5c33a472bb8d,Vanya Mital,63,Other,Mumbai,21,1238.82,3,21,0
02e26f34-da7c-4dab-8348-5d3c453bf373,Idika Gole,41,Female,Mumbai,5,842.82,37,4,1
e9ca01cd-33f9-4160-b95c-f811ecaa423d,Kevin Kanda,67,Other,Ahmedabad,2,1617.59,26,22,0
85103d1b-50a6-4021-97b7-d28a4cc063e3,Rehaan Bakshi,49,Male,Mumbai,22,651.8,8,4,0
3c537c0d-620d-4fb5-b060-eab291bde366,Nakul Rege,64,Other,Bangalore,48,1215.33,15,9,0
52407425-d70d-44f8-b682-876cf8b992d8,Yoshita Sane,39,Male,Hyderabad,2,845.44,55,20,1
32aaa310-cbbe-40eb-8e4b-541a18604fdf,Pooja Mann,40,Other,Kolkata,10,1381.94,75,26,1
a15d43b2-a31e-40e4-9097-e4604e913c37,Shivani Behl,19,Male,Delhi,34,632.72,30,9,0
e4ef6475-9b5a-4607-81cd-dce5f0117e26,Isha Balan,44,Other,Bangalore,16,544.87,87,26,1
6b77c635-8306-4e25-9f0c-ea9e8ee2a3a0,Gauri Borde,59,Male,Bangalore,48,1852.83,13,6,0
08990749-f1d6-47ed-a96f-b6e59f255505,Neha Patil,19,Female,Ahmedabad,39,383.25,24,25,0
f336d037-fd85-4d12-a21a-85619a6ca0ea,Falak Batra,43,Female,Kolkata,22,1110.72,33,14,1
7abe9f72-d0d8-42bc-be2c-66b4d49e024c,Tripti Nadkarni,34,Male,Kolkata,12,597.54,66,6,1
34e1c595-6fb5-4556-a4b9-676b5b29a053,Reva Nagi,57,Other,Delhi,24,270.07,23,28,0
229c4453-cf8b-4ba2-b161-c64b44f39616,Chandani Ravi,50,Male,Delhi,47,264.83,72,26,1
8e5f3619-3f10-4540-be3d-5db63340595f,Ishwar Saxena,26,Other,Kolkata,40,515.4,25,14,0
899f9b5e-d50f-44d0-bd40-365d89d570bb,Vidhi Goda,60,Female,Mumbai,38,1760.19,19,2,0
b730dc02-c07d-462b-8af7-f64269cbf49e,Max Tara,65,Other,Bangalore,10,708.46,63,18,1
530bf637-bf5f-4456-9860-cf370a24bfad,Aryan Raj,56,Female,Chennai,35,1910.83,9,9,0
dfeb099c-3a8e-4719-ae7e-281db42e3849,Chatura Nagar,46,Other,Delhi,49,1246.92,82,27,1
6c56ccce-a266-458a-92b7-90d3a9fa70a7,Gavin Gola,59,Other,Ahmedabad,32,985.91,66,28,1
511c478e-7450-4094-a1c9-788f0973cd0b,Pranit Garg,43,Other,Ahmedabad,7,1244.16,23,14,0
115ea46a-11f3-4905-9a46-6b01517b842d,Frado Som,52,Male,Delhi,21,1130.06,4,2,0
0f8f6c1d-06eb-48c8-bd5d-5ee13f64b262,Lakshit Shankar,67,Male,Kolkata,20,1565.8,66,5,1
ce6ed99b-922c-4298-91f2-1890ee38f7d4,Qushi Sathe,42,Female,Hyderabad,26,708.49,57,11,1
18d59251-e267-4cc4-8315-d4fdb2184906,Gautam Pradhan,41,Female,Chennai,4,835.49,26,14,0
f91c4f45-7fa1-4659-8654-b93d0d9e9599,Manan Sarna,30,Male,Chennai,46,1809.37,79,5,1
0d92df21-3cd9-4f01-8e43-320bef0b71b3,Eshana Patla,24,Female,Delhi,22,1903.62,14,12,0
78d4e040-7dc6-4bfb-bf67-941bee070039,Aarush Barad,53,Male,Mumbai,15,1806.6,34,28,1
e4d90941-81f9-4b62-bd7e-d1bacf88b664,Rayaan Krishnamurthy,62,Other,Hyderabad,40,955.01,75,18,1
eb0547ae-36a1-43c1-8e75-429f025e51d6,Kritika Sengupta,37,Female,Chennai,21,1604.66,52,2,1
6d6affb7-104c-44fb-b064-7e31c7b871c1,Ekiya Bobal,18,Female,Delhi,15,1057.4,43,7,1
1a51b49e-7000-458a-8ee3-55713da8a357,Jason Srinivas,25,Male,Ahmedabad,22,1095.57,25,7,0
d2f67a43-14ff-4245-8c84-03febc8c6707,Vanya Som,63,Female,Chennai,28,568.42,46,22,1
397fc1e8-55ed-4b8e-ac98-c0af22ca3780,Chaaya Nair,33,Female,Pune,14,1264.03,33,25,1
231d5698-b687-4667-a091-a61f8796718c,Ladli Narula,31,Other,Hyderabad,27,535.04,86,19,1
af2e9b8c-64e5-450b-a297-9f198f62420c,Rachita Reddy,29,Female,Hyderabad,41,796.82,49,14,1
cc41496d-c5ed-41df-a9b0-31f394a6379e,Veer Khalsa,68,Other,Pune,40,1739.05,83,3,1
eefd13c9-4857-46dd-8919-240541b319d0,Samarth Subramanian,40,Male,Bangalore,28,572.74,11,18,0
5e886df4-219e-42c5-83a5-7bc98d8ebf29,Urishilla Uppal,32,Female,Ahmedabad,26,328.08,86,20,1
51660c49-8c09-4b51-a5c1-e2204d831519,Nandini Subramaniam,45,Other,Pune,49,324.21,3,2,0
646575fb-8a45-486c-8a9f-85d279204768,Kiaan Sethi,51,Male,Kolkata,2,1893.41,86,12,1
18a60326-0d16-457f-aa1f-c5d970dd1163,Chandresh Bhatt,19,Female,Kolkata,25,1112.46,47,7,1
95028459-8ddc-478e-b469-582bd8b91b4a,Onveer Ghose,49,Male,Delhi,3,936.94,54,22,1
ee672001-7fc7-45dd-9441-be058be1d438,Nachiket Ray,40,Female,Hyderabad,8,1659.58,0,15,0
8d085ba0-0629-403f-ba89-3e4d996b1723,Lavanya Vala,39,Male,Bangalore,44,1704.49,88,12,1
4be3c5b9-35a6-4594-8c87-15591b501e3b,Anika Madan,68,Male,Bangalore,33,797.94,65,2,1
4e90ea2f-110d-4094-b3c8-e5befdbdb1b4,Ridhi Yadav,42,Other,Chennai,42,1448.51,29,15,0
720b479c-8251-47cb-971c-6a60fcee11ff,Hemangini Pathak,39,Male,Chennai,35,1588.02,2,8,0
dbfe13ae-ea4d-4bbf-9104-dddbc5b5f2f6,Gaurika Dhaliwal,39,Female,Pune,6,1378.37,20,27,0
b188e1a8-978c-49e8-a343-56b48dbe8afb,Gabriel Guha,66,Female,Bangalore,39,472.87,88,13,1
d366a885-2bdb-4051-b274-89b2802ff8b5,Raksha Guha,69,Other,Pune,23,1776.59,83,12,1
1c8fe53c-f511-435f-a672-3e1947038ef7,Shivani Subramanian,59,Female,Ahmedabad,25,1170.37,48,20,1
d30bdaa5-8425-4ebf-b739-239d9ea5149f,Ekbal Deep,23,Female,Pune,43,708.45,85,24,1
d4a5c818-4f4e-4438-bdeb-b258ee76b6de,Anthony Hayer,32,Female,Chennai,19,965.41,84,6,1
071f97bc-72e7-4c3d-91dc-e3f2a9a94cb2,Vedant Tiwari,60,Male,Hyderabad,5,267.63,61,14,1
ac2290a7-db36-467a-9efb-4e713718e6e6,Jagvi Singhal,54,Male,Pune,11,430.16,37,6,1
7bb355c3-b6c7-470a-b8ab-455157978628,Manan Seth,50,Female,Mumbai,12,1577.98,14,5,0
ca2fc316-c914-409b-a939-7765a64ea1c3,Dakshesh Jaggi,25,Other,Hyderabad,10,200.02,51,1,1
36d8570a-98c6-4bfa-989d-39e4dd0e3f19,Yochana Aurora,61,Male,Bangalore,8,949.82,78,8,1
150760ce-a41a-4762-a675-008088904f20,Lipika Borah,61,Other,Bangalore,24,1140.52,45,21,1
e455e3de-9a60-4c29-8534-580086312569,Udarsh Deshpande,22,Female,Pune,28,298.34,24,23,0
94a54a2d-5258-48af-a37a-e14175c1b11f,Rishi Chada,56,Female,Hyderabad,41,1951.54,20,16,0
b464195d-11ee-47a4-9713-ac3b139f8c98,Jatin Choudhry,21,Male,Chennai,36,607.03,87,4,1
7b3f15bf-3a26-44d9-a4a8-92b2b18da3b6,Chaitaly Mallick,23,Female,Chennai,37,747.56,4,11,0
39e38a28-a9f3-41b5-8694-c127deda50e2,Tanmayi Rana,62,Male,Kolkata,21,747.1,69,0,1
f49a8843-1d44-46b7-ba5d-b0172b85189d,Sara Bora,49,Female,Bangalore,8,614.75,46,9,1
e84e1274-bcca-49d2-a107-928ef5ffc407,Ranveer Kalita,69,Female,Delhi,9,202.65,86,10,1
406ad17d-95c4-4613-8e2e-d3ff5ba47527,Warda Agarwal,47,Male,Kolkata,47,1512.82,67,15,1
74b0b3f0-0765-4dcd-ba1f-34ecb7a6f2bc,George Subramanian,64,Male,Chennai,15,1940.32,17,13,0
c0a12ee8-6ab3-47e4-b35f-c294055213ec,Atharv Kuruvilla,52,Male,Hyderabad,48,603.73,20,7,0
d4215b30-d0ed-4d78-977b-f0e68e6bf0aa,Ishanvi Pau,57,Female,Ahmedabad,46,1393.48,85,23,1
f76b22d0-ae8a-4354-badb-2e97d39177db,Xavier Choudhry,69,Female,Chennai,40,1535.41,22,16,0
506bf044-f2c1-4718-9f70-e05d9157b612,Yachana Chadha,33,Other,Hyderabad,18,1727.17,63,24,1
88c295fb-6212-40ea-ba82-a199be5c9814,Saanvi Borah,30,Male,Kolkata,42,960.73,66,17,1
c5b325a4-66be-4217-b62e-a24b6cf653c2,Wahab Gupta,67,Female,Bangalore,20,745.28,39,11,1
2d5e0f4c-b752-47c5-a75c-603d7d87ad4d,Shivani Koshy,59,Female,Chennai,6,785.53,9,24,0
5ed47088-4927-4b7a-8ae4-185c43eac57f,Yuvraj Mohanty,47,Male,Pune,12,1482.72,88,16,1
3acfc062-ecc4-4e0d-920a-9075756638bc,Wazir Pingle,36,Other,Hyderabad,2,1670.2,51,27,1
16e5361b-5d23-4d76-b81c-7e8d98bdea5f,Ekbal Pillai,34,Male,Bangalore,7,526.91,71,25,1
722ec760-be18-4483-9836-5f86bf892a3e,Naksh Bala,36,Other,Ahmedabad,16,867.69,74,13,1
f7a2d631-f519-4e08-bd0e-cb5dcb2feb63,Chakrika Majumdar,45,Female,Ahmedabad,3,1823.49,60,15,1
ab0fe55b-c6cb-40d0-a9f6-0290e4589be6,Irya Bhardwaj,43,Other,Delhi,45,1652.05,63,13,1
2af6452e-219f-4445-930d-0515e85acc79,Yashvi Iyer,54,Female,Hyderabad,3,1972.75,4,8,0
fc05e51c-4406-43a9-a4a7-08f607b3fa46,Isha Johal,43,Male,Kolkata,27,1557.65,52,3,1
487f9cc7-36a5-4241-86ec-9864fca045cf,Yachana Gara,40,Male,Delhi,43,907.75,54,24,1
e65fce5e-d4b4-47f7-b310-7d4f1d7b1020,Fitan Karnik,26,Male,Delhi,40,1263.15,36,22,1
183131ae-f4b4-435a-964d-0954b513d482,Akshay Balay,29,Other,Mumbai,38,1389.83,55,10,1
dd5d1bdc-02b3-4240-9001-91961e044c50,Theodore Prasad,18,Female,Chennai,33,341.22,58,5,1
5ac8c29c-bafa-4333-89fa-3d916f015770,Yashawini Goda,18,Male,Hyderabad,28,1180.09,68,14,1
43ecd11b-3646-4010-a7c2-19735df0da3d,Ladli Krishnan,64,Male,Delhi,1,1476.78,72,4,1
7da32e5d-da00-49f7-bdb6-35897c3b267f,Oscar Brahmbhatt,51,Female,Mumbai,8,501.18,58,10,1
61f2317c-7d94-4169-99c8-fd5c41255d9c,Suhani Barad,49,Male,Kolkata,37,1605.14,1,24,0
7585c0b2-dafc-44a1-834f-83269eb78ed5,Udant Parmar,65,Female,Bangalore,32,1250.79,64,17,1
7a27e9fb-a1f2-4d6b-9b1f-e9b9f0354e0c,Jeremiah Parmar,42,Female,Pune,48,1914.0,59,29,1
95b6b1ba-fbb0-45e7-8193-18cabf0f6b7f,Jagrati Prasad,57,Female,Pune,43,276.36,50,12,1
203d9a3e-7192-48bf-a0f0-e8da8757f22f,Vasana Prasad,62,Female,Hyderabad,37,677.59,29,10,0
aab44a19-9da7-41c3-bdfb-dba5932bc203,Saanvi Chaudhary,18,Female,Delhi,4,1282.8,10,13,0
20f774ef-da7a-494a-b41b-99fe88fe9739,Rachita Bava,33,Other,Pune,30,733.81,75,27,1
b4322939-d22f-4c1d-b2a9-2d305671de3f,Maya Deep,56,Male,Chennai,6,1485.96,38,17,1
8b83298e-29ec-4c17-85db-b27c6af93a8b,Manan Tak,22,Other,Pune,46,1566.21,89,26,1
92a2c0ba-2c84-4dc0-913f-28de81517429,Lakshmi Sankar,39,Male,Pune,19,384.53,76,27,1
6e0e2aa1-b4fc-43f2-a7c7-d115b4d311b1,Udarsh Reddy,46,Other,Pune,32,1124.94,71,24,1
96076d17-dedb-49b2-abc3-b4f07d8314ea,Chasmum Choudhury,20,Female,Ahmedabad,9,1116.0,62,27,1
ebabf4cf-6edc-4837-9ad4-f41fd11a839d,Ria Gaba,29,Male,Mumbai,12,864.71,63,18,1
07c8fbc4-6dc9-4e20-9247-ceadae329d9b,Rehaan Krishna,43,Male,Delhi,11,1879.26,60,23,1
3a3a396a-5f26-4969-a404-0f16dea7a8ce,Anmol Banerjee,33,Other,Chennai,46,1689.51,53,26,1
8990922f-df8b-4486-b40a-e59ad832428d,Atharv Zacharia,68,Other,Delhi,16,1454.98,72,14,1
1f7d3f3d-c1b9-49c7-adef-6f9be2ad54de,Patrick Dhaliwal,54,Male,Ahmedabad,1,1485.79,57,8,1
f574593c-e20e-479a-bd02-183cfbfb7e88,Ikshita Garde,39,Other,Hyderabad,45,1031.09,84,7,1
a228255d-7794-4260-a137-615ed541b75d,Pahal Iyengar,46,Other,Hyderabad,21,1857.79,55,19,1
b6c104c8-821d-4797-80f7-7427e1c4299c,Simon Gopal,31,Other,Hyderabad,30,1450.27,33,27,1
06019c27-9a68-4feb-a23f-60c2016d0926,Udarsh Deep,45,Female,Kolkata,13,1512.17,30,0,0
6e014054-c28b-4cc3-b8e7-1887fc544356,Faras Vig,22,Female,Pune,34,1751.04,51,3,1
d924a90d-a183-4771-8c22-9cbd4e0afcd2,Vivaan Madan,64,Other,Kolkata,4,693.33,88,13,1
cab22383-736b-4d5f-ac6b-fd00352afeb0,Nikita Rajagopal,66,Other,Mumbai,28,1652.73,75,24,1
7b469d40-0dfb-4786-aaab-8d12e7a49538,Leela Ramesh,47,Female,Hyderabad,38,551.43,0,1,0
77d9f51c-2c31-484c-9964-a4ea72e7154f,Zarna Bhardwaj,63,Female,Ahmedabad,31,821.62,54,15,1
02716624-d3f3-4e01-a7b9-417790283875,Unni Sarma,69,Male,Chennai,27,804.1,21,2,0
e2184a2b-9c37-45e4-ac91-afec20634853,Waida Bora,22,Male,Delhi,5,1961.35,39,25,1
7189d5c5-b3bb-48bc-a909-a91f02cccf6b,Shivansh Saran,29,Female,Pune,25,1741.77,0,7,0
bb012229-350f-4fdd-8ffb-39ac86b9fb2b,Oeshi Taneja,33,Other,Bangalore,3,1462.11,64,5,1
737fa3a5-62cc-46de-9e68-38d8017a66da,Zayan Naidu,43,Other,Chennai,33,1508.7,62,15,1
0f2c8fd1-895a-40d9-b466-9a24c892000a,Warda Chana,43,Other,Pune,4,1211.73,53,23,1
c1e3afdb-1b02-47d0-83fe-9ce2a6c208cb,Gaurika Rama,65,Other,Kolkata,25,1904.76,41,15,1
ea50c7db-dab2-4ebb-aa8f-6ddb2af0044d,Nidra Ranganathan,38,Male,Kolkata,20,1093.27,20,6,0
1ac94c44-bb84-4621-9b4f-fa4f4da2f47d,Ronith Agate,56,Female,Chennai,34,884.93,78,29,1
52a690ea-467e-4fe6-b5aa-6ea2f5384e76,Netra Mishra,53,Other,Kolkata,26,493.46,80,12,1
5222dba8-7baf-49fb-8e6a-7fc6d5256ec1,Omkaar Dewan,50,Male,Hyderabad,5,1615.17,21,12,0
a72ee973-60ce-41f2-8140-7ff49d7a7fa9,Wishi Dass,47,Other,Mumbai,35,1522.0,37,4,1
fce66d90-ed68-4af8-ba55-d005ccad042c,Sudiksha Bansal,54,Female,Delhi,28,891.84,79,24,1
e70cc66a-2738-4f9d-8fb0-f3d24690dc26,Ishita Gaba,40,Male,Mumbai,29,245.35,7,19,0
e6ffb5ce-3eef-4d59-8318-0f017e0828e3,Bachittar Sangha,27,Female,Pune,9,1710.2,61,21,1
0baafd2b-63d8-4603-bf28-8237d4a44265,Charles Pradhan,22,Female,Delhi,38,220.55,46,17,1
007eccb4-2b31-4b4b-bab9-f39b0afb321f,Bimala Lad,53,Male,Ahmedabad,6,1466.66,16,14,0
19ef4c87-ccb1-48a0-af20-55c5c167d58a,Gaurang Naidu,51,Male,Delhi,19,1946.46,16,17,0
05839fbf-a17a-479c-84e9-fe18e6c51c22,Ladli Viswanathan,69,Male,Mumbai,44,987.79,89,1,1
e4470198-dff1-4b91-984b-d7ca8edb1340,Aashi Bahri,48,Male,Chennai,11,622.95,12,9,0
707e775e-c651-4ab6-90ca-c993bdab5e6d,Bhavika Bhardwaj,27,Male,Delhi,2,1468.77,16,22,0
56234d5c-c0ea-4157-afd8-3f94bec6938c,Ronith Rattan,36,Male,Ahmedabad,47,1670.83,37,12,1
71281b40-366e-436e-b566-34469e672f89,Oeshi Shenoy,49,Male,Ahmedabad,44,1183.57,80,17,1
e88306b9-1acc-4012-a28b-898d151428e6,Ucchal Krishnamurthy,18,Other,Ahmedabad,44,1940.66,77,14,1
6fcd42ef-ee86-4b8b-9612-7d300d4bb592,Azaan Chakraborty,22,Female,Mumbai,9,293.0,44,11,1
5ba99c09-21d4-485b-a546-774f6a19b378,Neha Nayar,62,Male,Delhi,21,1108.63,5,14,0
6373d5d7-9e96-4ab1-be12-d03061a2b3bb,Deepa Bumb,21,Other,Bangalore,24,1493.22,34,12,1
fe846348-97b2-4e7f-b0ff-94e50e97e36e,Gopal Dora,33,Other,Chennai,34,1752.75,13,17,0
f857d38b-6dcb-4846-a11e-a6f7b709130b,Saumya Raman,41,Other,Hyderabad,22,522.66,71,14,1
75ae1c77-694d-474b-9f8f-91fda61d8e1f,Yahvi Mane,33,Female,Delhi,3,1640.01,60,24,1
77dd57d7-1827-4730-a822-ffec4a905f6d,Indrajit Soman,19,Male,Ahmedabad,12,1194.87,14,22,0
6d0d1363-0cac-408b-b60b-5e6a47ff75b3,Girish Mahal,66,Other,Bangalore,28,913.8,53,10,1
9fb4e86f-cda9-458a-a6ee-c9aa3a31c415,Shivani Borde,45,Female,Hyderabad,30,437.09,26,18,0
81dfd4fd-208f-43b3-bfc5-ff2210e91951,Frederick Gala,49,Female,Hyderabad,26,1757.53,12,2,0
8ec246e5-082d-4e6d-ab36-beb5506b7042,Gautam Balay,44,Female,Pune,48,483.09,30,6,0
b248801e-8bcd-432d-a3a9-16605f42fc5b,Alexander Datta,37,Other,Delhi,21,757.62,34,20,1
840edfb6-de52-4209-b976-f6e960eb503d,Aadhya Nagi,41,Male,Mumbai,28,722.08,59,25,1
7a5b4d74-371b-4698-ae21-7fafcc9264d3,Tarak Prabhakar,29,Other,Delhi,26,1768.55,5,13,0
a95e0375-6650-41b1-af60-c97f1e6bb00e,Joshua Bansal,67,Other,Bangalore,33,1410.87,68,13,1
cccb3e04-0cce-4bd2-aec5-5547c0833114,Falguni Kadakia,52,Male,Hyderabad,21,1634.03,85,21,1
3850cb71-caa8-46a7-abb8-2a09107fbf64,Arunima Kulkarni,50,Male,Delhi,35,650.84,57,12,1
3de2527f-24d1-43f9-9a07-6248c562a686,Yoshita Nagy,50,Male,Mumbai,34,1324.77,48,11,1
fa1962a6-21a2-4d32-8498-0139e4b3dcf9,Zilmil Jayaraman,68,Female,Pune,41,1229.14,22,23,0
5b71d5e8-6021-4e7e-8189-caf65506a38d,Yatin Sami,60,Male,Delhi,47,1699.09,88,8,1
7c168622-e44b-4879-9f8f-62b38ac23b48,Mahika Tandon,54,Other,Chennai,18,1830.96,33,0,1
f66ae08a-9eaf-4cfd-9e43-85e169792062,Ira Barad,29,Male,Pune,11,221.88,25,18,0
08efff0b-163c-4ae3-a815-c800363cd395,Divya Ramakrishnan,20,Other,Mumbai,23,1413.24,46,10,1
08d71f6c-49d3-49ab-86b1-5677fd46505f,Advika Sankar,18,Female,Bangalore,48,293.3,4,22,0
c743cca5-62fe-42e0-8fec-8867bcf526d7,Pratyush Seth,50,Other,Hyderabad,22,1187.95,89,21,1
53c4b320-1a75-41b7-b0bd-231af36e9fb2,Kabir Kala,57,Other,Delhi,17,717.74,19,22,0
73fdca8e-331b-4010-b139-289bacae266e,Neelima Dass,27,Male,Mumbai,5,752.2,5,23,0
535236cb-8e6a-432b-9853-a9b14d68f575,Jeevika Dash,60,Male,Pune,44,835.33,69,21,1
5e44468f-f560-4df6-927b-1196f3a626d7,Nikita Sarkar,61,Other,Chennai,11,1318.33,58,18,1
efa950f7-faf2-4abf-a138-eb1d1bafc14b,Anita Shere,46,Male,Mumbai,30,801.29,63,17,1
fd5588bb-23c3-4903-a808-ff8ed04f5286,Chameli Biswas,30,Female,Kolkata,15,1518.86,17,11,0
6549d27f-b908-41fd-8857-3dbe879a84a8,Wyatt Mammen,29,Female,Ahmedabad,27,928.15,3,22,0
e7f77fa3-d8c1-42e0-812c-768b4da079c5,Xiti Bhagat,48,Male,Chennai,35,323.04,16,27,0
ae2852ed-3e47-4f9a-af5a-f176db7e3f07,Reyansh Sur,63,Female,Pune,33,1610.77,13,27,0
170d8d39-1270-4c55-8365-dd3081277b3e,Madhav Kapur,19,Male,Bangalore,20,714.36,77,27,1
76f833c2-7137-4c4e-8426-8ed2bc47d43b,Viraj Bedi,68,Other,Hyderabad,16,978.98,12,26,0
718668f8-ed13-4af3-a1c7-fd5a28e1afeb,Anita Kaul,67,Other,Pune,34,1433.8,6,0,0
596f8391-175f-40d2-9477-2b49b9a3c471,Edhitha Chad,52,Female,Ahmedabad,2,798.42,43,18,1
2b71ac2e-26a9-40b0-b7a7-7de6a0bb652c,Hema Toor,40,Male,Bangalore,35,301.85,14,27,0
4e7dbed8-6e3f-4257-a294-c6dbb2487e93,Geetika Verma,34,Male,Delhi,40,873.06,18,26,0
21a97607-ef86-4eaf-bee3-fa7ef828d06f,Keya Baria,43,Female,Mumbai,28,1900.01,62,19,1
f98dbc87-83ab-457e-a38d-cdf86d1dc69f,Kevin Datta,25,Other,Kolkata,47,1355.12,34,28,1
ba2f8309-9674-46ed-b44d-41af725c3777,Max Konda,46,Female,Chennai,39,1408.66,80,29,1
f5d53d62-f413-47df-9564-aac7284e387d,Anya Kurian,43,Other,Chennai,6,1338.11,34,16,1
00afebb2-67e7-4e36-abbc-645a19bd5c83,Zarna Korpal,27,Male,Mumbai,9,558.19,18,4,0
1273b240-a555-4583-b96e-678dbee80d77,Wazir Mahajan,43,Other,Kolkata,20,953.0,19,25,0
0acacd88-cfdb-4093-bd5a-d540a5ee8728,Raghav Sant,51,Female,Mumbai,1,1551.69,34,2,1
780f3a56-68fc-49f8-b0eb-84ac17372fa5,Unni Panchal,68,Male,Delhi,8,382.47,31,1,1
ab27df55-e5ca-4ca8-8929-2e8531e9414a,Anirudh Mittal,58,Female,Ahmedabad,23,700.13,47,2,1
747bbd27-8ebf-45eb-94b1-20c8e2872e49,Balvan Kant,24,Female,Bangalore,3,697.37,43,7,1
fb731fd4-351e-4b11-acad-623eb6690000,Udarsh Contractor,21,Other,Pune,4,977.63,23,15,0
dab5ef85-1b3b-4d26-948d-4bb39ec175d4,Hemal Srivastava,67,Female,Chennai,25,1964.66,60,5,1
0c19f9ed-817e-416d-ad7a-1d57e400ae70,Amol Tank,62,Other,Delhi,47,321.5,16,12,0
2b04dcc9-f6fa-4b1d-8a44-2462d395f99d,Omisha Mannan,28,Male,Bangalore,38,1133.66,70,29,1
6d7aa297-ee16-4b59-8db8-8aea160e9049,Gopal Walia,46,Other,Delhi,15,522.86,49,22,1
1175fa54-6fef-4749-aa73-bc574b03786c,Maanas Ramesh,53,Male,Kolkata,21,1947.22,64,27,1
be83839b-fe9e-4530-90ab-ed169ee4d9f0,Yasti Lalla,42,Other,Chennai,35,403.95,31,21,1
79e97ce4-346f-4582-8acb-01ed64228764,Abhiram Padmanabhan,38,Female,Pune,46,926.48,35,21,1
988b690d-b7b3-4b8a-8dbc-ef5702c60b2c,Lakshit Prashad,53,Other,Mumbai,14,1528.19,12,15,0
0f5cf6ab-629d-415d-b797-6d6bf83f500c,Charita Sidhu,27,Other,Mumbai,36,1468.2,69,27,1
ae0613ac-75dd-4a7e-a459-36f27c3010ea,Christopher Lall,54,Male,Bangalore,12,960.91,57,15,1
e4466da2-cfda-4724-b620-111796c19ea6,Shivansh Pathak,26,Female,Pune,17,823.74,13,2,0
0a1eea43-40eb-4c60-8b28-a9bd4ee53efd,Pallavi Issac,41,Other,Ahmedabad,39,915.7,36,27,1
3db75aeb-abbe-4627-a997-cf832beeef52,Jagdish Thakur,52,Female,Hyderabad,9,675.7,78,12,1
7fe114be-df8b-49a7-9220-f9edae31fe56,Indali Srivastava,66,Other,Kolkata,35,569.6,67,13,1
5097ab15-eba8-4e46-998f-7c1001addb2d,Nilima Ghosh,52,Other,Bangalore,13,1069.47,39,7,1
3074bc5e-29e2-4f74-9651-b5c978c25128,Laban Sama,65,Female,Hyderabad,15,683.36,58,11,1
2e1c0324-f2ac-470d-a258-eeab75fc0aee,Ansh Gala,53,Other,Delhi,18,717.43,79,22,1
4b8408c3-223c-46db-a02d-9fa94abe8a34,Victor Ganesh,35,Female,Kolkata,33,1382.16,15,22,0
94b39a02-f1ea-407b-be88-eb7d521e23f8,Vihaan Ravel,66,Other,Delhi,6,1943.37,61,21,1
cb291df8-ae16-4939-957d-ab9a93a7a5e9,Kalpit Vig,56,Male,Ahmedabad,27,1286.55,3,20,0
8f0a72de-664c-4ce6-accd-fa8b8df338a6,Pooja Loke,49,Female,Pune,23,338.56,44,25,1
4da16df7-0341-4068-9cb6-5e6ac413b9a7,Madhav Handa,41,Other,Chennai,27,336.05,89,7,1
06a634bc-c98c-4211-b119-b66e0303324f,Gaurangi Ramaswamy,40,Other,Kolkata,34,1912.56,27,20,0
3d827187-df98-49e6-85e8-90cc04bd7161,Balveer Manne,49,Male,Hyderabad,46,735.12,65,24,1
870aadb0-9769-445f-b784-d9a3f50970bb,Nakul Chopra,54,Female,Ahmedabad,38,365.72,30,8,0
4cfaf339-d7af-4514-a784-e882a8ebc1a1,Jackson Prabhakar,29,Other,Chennai,14,1278.28,2,0,0
f3274116-8bba-45a2-bec6-5fbcf05e2d31,Baljiwan Gole,66,Male,Mumbai,36,1322.57,7,5,0
c75b5c2f-5be4-4718-a99d-6d503e01b43d,Anita Vala,30,Other,Hyderabad,8,1367.31,23,22,0
e289c392-f02d-425a-b25f-c65f588851af,Bimala Borah,40,Female,Bangalore,35,681.32,14,18,0
27bca0b9-6ebc-404d-b038-0ea20f125616,Siddharth Nath,42,Other,Mumbai,19,227.2,42,22,1
40422657-5928-4385-bc2b-7e253233befe,Varenya De,52,Other,Ahmedabad,30,1937.03,30,10,0
8bd2355b-1b18-4864-9948-fd002217728a,Ayushman Ahluwalia,58,Other,Mumbai,14,651.61,72,10,1
cc7df06c-1fb2-43f3-b8b6-a9f109ec8b5b,Atharv Solanki,47,Other,Bangalore,20,1416.85,44,22,1
2ab86041-ac38-4671-b51e-2e1b5381b1ed,Janya Madan,34,Male,Kolkata,49,1471.93,65,29,1
f9b5e0db-52d5-4bfe-97d3-7c726ce575e4,Triya Ravi,66,Male,Mumbai,25,1298.01,7,12,0
c71dafb1-64de-4d2f-a250-656ca8c54132,Hardik Rajagopalan,37,Female,Pune,40,763.23,70,10,1
0b6369de-aa0a-4f8a-983e-f7616d3f380a,Vrinda Nath,65,Male,Hyderabad,24,687.97,56,17,1
22245b9b-b87f-4b5e-a04d-9f5279a82a1d,Aayush Dani,42,Male,Chennai,14,1275.8,79,22,1
ad1cf289-6009-4171-9c08-1a0ea8a17b08,Oscar Tandon,39,Female,Mumbai,26,1758.97,29,14,0
6adcbf0b-a853-45be-82c7-7cbbd9097dde,Daniel Choudhary,30,Male,Hyderabad,38,1904.12,73,0,1
dbc25321-d062-423c-8c25-7b998e3cda54,Dhriti Chandra,36,Male,Delhi,23,390.63,17,20,0
40169aa7-b701-4094-85cf-1ba7b7eecd9b,Vinaya Gera,66,Female,Hyderabad,22,478.69,68,24,1
a1c5e0cf-d384-4129-adea-571b4b360a6a,Azaan Pillai,53,Female,Chennai,48,1900.53,38,6,1
e2aef17d-f535-48fb-bb50-2f1341018758,Teerth Khalsa,29,Female,Hyderabad,19,1525.76,59,22,1
86781ee7-88a1-403f-b544-4c6cfddd38f7,Pooja Rout,58,Other,Bangalore,46,1789.39,42,26,1
0fe4af6b-fa7c-4014-8505-ade15fc4dcb9,Hemal Nagi,36,Other,Ahmedabad,3,564.74,44,12,1
020e480e-c22c-4def-8334-865b5a8feb47,Kiaan Kadakia,29,Female,Chennai,42,1257.65,22,11,0
33e8d6e0-16a8-4f00-878f-d06a2d330378,Omaja Chahal,26,Female,Ahmedabad,19,1462.05,68,17,1
65a12870-2d19-40e1-b61c-c1035c7c428c,Madhav Bumb,24,Female,Kolkata,9,1424.2,5,23,0
64f7ceb2-c8f5-4cc7-bca2-9d574594eefe,Qadim Boase,45,Other,Ahmedabad,28,934.67,55,18,1
e143be7c-4a50-4f15-85d2-4c40ccf1d22a,Jalsa Talwar,31,Other,Delhi,20,227.71,3,14,0
934000db-f3bf-4cb6-8302-f92937a43e3d,Nitesh Barman,48,Male,Bangalore,45,1249.27,22,7,0
2e7ae25f-1e48-4e76-a015-bce6b14ca872,Advik Singhal,69,Male,Kolkata,7,655.58,5,18,0
ae628650-a4f9-459b-8765-149e39757303,Gaurangi Dube,36,Female,Hyderabad,14,1010.46,31,9,1
52bd24a4-41f4-4572-b3a5-5b484349086f,Yauvani Kant,64,Other,Chennai,9,1923.65,17,6,0
260379ef-b900-4af9-8fc1-c6fb362e2c78,Umang Tandon,33,Other,Delhi,19,918.26,14,17,0
074c1fbe-9378-4ab6-bcba-10be5e183f60,Onkar Dara,22,Other,Bangalore,47,1711.64,39,15,1
03b5cd8a-1452-4b05-b537-c1ee906a05fc,Karan Oak,52,Female,Kolkata,14,539.37,72,19,1
aaf272b9-db0f-4383-8cc4-a746d348af0c,Ekta Subramaniam,29,Male,Kolkata,38,1410.43,73,26,1
d80b40ec-80b9-4637-9fff-eff1c0754f1d,Bakhshi Sarkar,42,Female,Delhi,36,1958.61,83,5,1
0c0aa7e4-cf92-423e-8caa-3d6a58068c61,Ria Devi,69,Male,Pune,40,383.41,5,26,0
428e43fb-af77-4a74-8fea-e0ebf575a0a3,Yash Sood,38,Male,Hyderabad,17,214.98,62,8,1
4b4b31e4-da90-408c-8f56-7889461cd9bf,Sarthak Rai,53,Female,Delhi,30,980.45,66,20,1
4d6b8fb9-2874-41fd-8a07-4567a1595f45,Ojasvi Kakar,40,Male,Kolkata,9,366.73,10,12,0
29fdfb7e-4f2e-4a6d-aac9-87e46b1291bd,Vamakshi Dixit,33,Male,Mumbai,33,1547.09,42,24,1
f60bd721-5793-4089-b7c8-c22ea46061ad,Udant Bhat,56,Other,Bangalore,25,1846.19,16,20,0
8d80975b-23ea-411c-9f0b-2ec9c812dae0,Darpan Kamdar,62,Male,Delhi,14,981.24,3,25,0
af96ad23-c038-4aef-8dbc-1e7def0a7688,Zilmil Khalsa,59,Female,Pune,11,665.68,62,7,1
284e59c9-008d-487c-aac4-1d8b47bc7286,Meghana Chandran,56,Female,Kolkata,35,981.93,67,15,1
cc98dcfc-a884-481c-80af-7bb32c5f0573,Harinakshi Sidhu,31,Male,Hyderabad,41,1502.21,80,12,1
e2fc6883-86c6-475b-9ecf-c944eaa39f81,Avni Ratta,48,Other,Ahmedabad,14,216.3,40,12,1
71753bb7-23cc-467b-8bc9-978338d0f637,Meera Deshmukh,22,Other,Kolkata,30,1261.02,82,16,1
8a65d54e-c9ce-4840-a963-8c984d5dcdb4,Bhavini Garde,52,Male,Hyderabad,41,1303.93,4,22,0
2ce2175c-3cf0-41fd-8fda-1b9b880d1477,Anamika Garde,40,Male,Delhi,4,1347.84,31,19,1
57200e00-e0e2-4aa6-982e-c7d73c15db63,Nandini Kumar,46,Female,Hyderabad,4,635.64,85,4,1
d5586ffe-d86f-4b6f-ad6f-2aebde1c4e3e,Chasmum Murthy,60,Male,Chennai,28,1485.29,69,21,1
a1d7c54e-d50e-429b-86c9-3d7e0bf32ae6,Ekantika Ahluwalia,28,Other,Chennai,8,364.5,34,20,1
81d578e2-3324-463e-8f23-6d7527c43f9a,Theodore Korpal,35,Male,Chennai,2,558.69,21,27,0
984083fe-37b6-476c-a4c2-a54391e85ff9,Anmol Kaur,64,Female,Pune,41,1779.45,64,16,1
6fae4797-a616-4c51-90d5-ba3b8b47ca6c,Nandini Tailor,29,Female,Pune,46,1529.7,83,27,1
f14a4254-2cb3-4c77-a3a0-1f48dc893644,Maanas Srinivasan,26,Female,Mumbai,22,224.74,21,8,0
711a6738-db1e-45e9-b61f-743cf4f9b439,Upkaar Bedi,27,Female,Pune,41,647.08,10,1,0
76a9ca29-76c7-4da0-8514-708ef44bc35c,Udyati Rout,61,Female,Ahmedabad,16,585.93,76,24,1
c6d1b342-d42f-408e-96a3-c44d1fe02e52,Lajita Bose,34,Male,Delhi,29,687.45,2,25,0
8694746a-3a6e-481f-ab29-daad7daef1f5,Rachana Randhawa,55,Male,Kolkata,49,645.61,8,17,0
26924ce1-2ed8-43bb-beff-5ad1882987e3,Sarthak Talwar,24,Male,Kolkata,48,312.55,59,8,1
5086ca2e-9fdb-4964-835f-7efb54b6115f,Yochana Barad,63,Male,Mumbai,30,1026.09,75,5,1
7a497fa5-0179-4108-b62d-5ccc98fce917,Maanas Sheth,30,Female,Pune,12,1518.92,86,10,1
6b075062-a60e-4402-bbb6-e9843693294a,Indira Bail,57,Other,Ahmedabad,35,1292.12,13,24,0
1401d591-64e1-47f9-9c4a-bf6d1c099ed9,Madhav Purohit,59,Male,Hyderabad,11,1411.17,17,28,0
615dbb4e-7084-4166-a40e-52499cf4a8cc,Maanav Sankaran,26,Other,Mumbai,46,346.07,72,5,1
bb8f745b-9981-420f-8086-d0e23c7945b6,Tripti Narasimhan,67,Male,Ahmedabad,21,1912.68,22,5,0
98af2a64-6c99-4c45-b433-85b4c744d7b2,Reyansh Lad,44,Male,Hyderabad,21,1709.29,73,12,1
3faa3ddc-5b3f-4994-a8de-e76eeb85c58e,Radha Warrior,19,Other,Ahmedabad,5,1649.16,82,10,1
0f2ae453-c427-40c6-9b08-b923f4e8ffe4,Isha Thaker,22,Female,Hyderabad,48,1681.37,46,13,1
8142016a-fe42-496f-aebe-eb2dd4708b7a,Manthan Baria,46,Male,Bangalore,20,1878.88,68,1,1
7f76a35f-7004-4354-8ca0-2eb8f7cba70f,Harrison Nazareth,54,Male,Ahmedabad,37,1179.66,46,7,1
5e1e8487-8e2f-48cf-b3b3-73cb0e56d0df,Kabir Rajan,55,Male,Kolkata,3,560.51,86,2,1
a9a7318e-e9d9-4de3-ad4a-62c004543587,Mugdha Khurana,36,Other,Chennai,44,1310.21,29,22,0
c6990345-815c-470f-9074-7bfdaee4c8c9,Zilmil Sachdev,25,Female,Pune,33,1537.19,24,20,0
255602df-1f2f-4219-b669-6213a2f19d97,Rehaan Bora,65,Other,Hyderabad,9,1528.25,27,2,0
a587443e-a652-4644-8ad3-a5b2c4b36e81,Isaiah Varughese,62,Other,Bangalore,9,1138.61,24,0,0
473a6c22-ad52-4eac-a598-761b18365555,Amruta Kohli,18,Female,Ahmedabad,4,323.23,73,23,1
634c9bbf-ddd2-4cfc-93b4-33b3d2cf1e23,Anamika Kanda,39,Other,Kolkata,35,868.0,77,18,1
5e49a961-e190-4d3b-a851-eee7cdacbefc,Atharv Apte,69,Female,Chennai,17,1857.38,57,17,1
42cf4657-3558-45c0-88a2-f11a1cbae2f0,Neel Kota,34,Male,Hyderabad,34,1252.01,40,16,1
f1790928-6efe-44c8-a2d9-a292e7de8107,Dominic Palla,24,Female,Ahmedabad,24,1169.0,24,19,0
343fde7e-8e8f-4683-873b-028c315c43b9,Oeshi Bajwa,42,Male,Ahmedabad,32,683.94,77,28,1
407dce53-5baf-419d-ad2f-cf52ee3cdfc2,Vritti Suresh,62,Other,Hyderabad,1,863.21,47,23,1
a8f835e5-5301-4b07-a497-0912a60cd638,Elijah Nath,21,Other,Mumbai,8,1811.62,9,12,0
f4ac867b-b038-4448-b541-d379ca47d959,Brinda Devi,53,Male,Mumbai,45,1399.63,74,2,1
edd76ce9-a949-4749-8fdc-8f6d3daa9e70,Oeshi Natarajan,23,Other,Kolkata,23,1617.3,10,29,0
7f810343-ee18-42b0-a8c1-2210affbf248,Sara Rastogi,48,Female,Chennai,47,1017.82,84,0,1
d8db34ec-2cdc-421b-9d23-5f19a6614240,Laksh Setty,36,Male,Hyderabad,40,1334.44,20,3,0
4476f9a6-1f9a-4044-bcab-a0f3af16f686,Pallavi Dhillon,61,Other,Kolkata,12,647.09,85,24,1
970e6fc6-8b16-4d2a-a7c5-ee4bdff3c5b7,Jasmit Bhatnagar,56,Male,Kolkata,12,1469.83,44,12,1
d12ffea1-b5a3-4989-bb32-15bade59405d,Jairaj Krishnan,44,Female,Delhi,46,969.68,6,16,0
7dc9f4b7-380d-4db6-a199-db7bfc098551,Kala Grewal,27,Female,Ahmedabad,47,996.58,80,27,1
67bc6f1d-4143-4279-ac8a-d7ed9824ab82,Hemang Varma,43,Other,Pune,15,1368.78,63,29,1
a19592ec-a32e-47ec-902c-9a38f428fb8c,Harini Dhillon,36,Female,Ahmedabad,41,1885.31,63,10,1
6c4ce45e-d8c1-41c8-a291-0f74b99d0e33,Madhavi Dube,56,Male,Mumbai,19,315.21,1,1,0
6f046d1b-1ffc-4d0c-9dd4-90dc4d749fb8,Yashoda Panchal,20,Female,Chennai,26,1684.54,75,24,1
5cde5879-f5ae-4dc2-8dd8-023df27b5166,Tripti Kar,62,Male,Ahmedabad,29,726.29,41,15,1
a987d804-1909-4120-9ed7-b07e668dc02e,Adweta Sastry,30,Male,Hyderabad,22,999.06,81,1,1
92fce263-5c84-4834-b06d-3841ae7feec7,Diya Aurora,67,Female,Kolkata,40,239.44,53,28,1
c4ecaf41-76be-4b26-9b40-36fabe97d637,Harini Loyal,45,Other,Hyderabad,21,741.88,74,18,1
18541df8-1013-4156-a3b3-b7b3353293ac,Ranbir Nadig,37,Female,Delhi,38,1104.74,15,22,0
aba0a4ec-8a35-4029-8a54-3f806573c2a0,Sai Lad,45,Male,Chennai,20,301.12,17,18,0
c2c2c76f-b617-45ca-a7ca-0f5529ed7027,Abhiram Subramaniam,25,Male,Kolkata,29,1083.97,58,24,1
c10a2fc2-70fc-4d5b-8be9-5d6f391d5d00,Lopa Prabhu,58,Female,Hyderabad,4,1868.8,89,15,1
84d982b2-d89b-48a3-a90d-9ade9393ee53,Ijaya Bhatt,56,Other,Mumbai,7,389.71,15,21,0
b5c10e1e-27f2-454c-ae98-42d3109f42d1,Brinda Raghavan,18,Other,Pune,28,1575.99,5,18,0
4f78ee12-672c-47ac-bd71-03794ac59d93,Yadavi Menon,20,Male,Delhi,28,937.41,56,8,1
750c75b1-1037-4170-bcd7-e13a26eb32bb,Bina Barad,30,Male,Chennai,4,1379.31,46,0,1
dee52f79-ca06-4ad8-809d-b0119d4499cc,Chandran Sarma,45,Other,Delhi,22,668.43,47,9,1
ef6bd040-82b3-4735-b804-bdf0ab58582a,Parth Warrior,66,Female,Mumbai,12,487.09,41,18,1
8efdcb86-47be-440c-a072-4a9e931c65dc,Champak Iyengar,42,Male,Chennai,45,488.83,75,0,1
0a6f2e39-76f3-405c-8ae7-e38a9881cfa9,Adweta Prakash,50,Male,Delhi,3,326.89,59,1,1
8a1f0cb2-5145-4a5c-8cd5-e0deaeafca09,Hemani Thakur,55,Other,Bangalore,22,534.16,76,15,1
ec39a7b1-a279-47e0-b1f5-a04857b4ca92,Nathan Mitra,23,Female,Mumbai,44,1395.59,3,11,0
710da1bd-2faa-4322-99db-0e7bffe12079,Abhiram Das,61,Other,Mumbai,2,1787.04,1,7,0
4a5e6632-f2e3-477b-a612-ca1bdb2254fa,Ansh Bhat,62,Female,Mumbai,24,1665.43,89,22,1
89ae1551-66fd-469f-8cfe-b0f06243ffd4,Elijah Chand,49,Female,Bangalore,34,1433.24,58,17,1
45d0d71c-4162-41ae-8c6e-70cddada2c14,Nidhi Narayanan,62,Female,Bangalore,27,398.78,26,1,0
1ba46c75-519b-477b-8df0-1ac62687ef10,Eesha Dixit,64,Male,Hyderabad,41,720.54,26,24,0
c1813357-2dd8-47a3-b92c-f0edb80e7a09,Rehaan Apte,38,Other,Kolkata,1,757.65,78,28,1
bf771895-4b41-4f7a-ad1e-8f05617fcb24,Chaman Ramakrishnan,33,Other,Pune,8,649.92,71,12,1
8000bf56-8298-45fe-ba2d-433d139031b9,Aashi Keer,38,Female,Delhi,23,1127.01,6,5,0
04b9733b-5230-4bff-9fe1-777353fc033a,Pooja Krishnamurthy,28,Male,Hyderabad,38,1164.0,62,20,1
494f3853-cff1-4b76-891c-224af74d7238,Siya Krishna,54,Male,Delhi,6,842.39,45,25,1
08767663-770e-419b-a54d-b0aa1411447f,Vrinda Pradhan,53,Other,Pune,22,836.82,62,5,1
66f6ffa6-acb9-47aa-8563-30650652d6fe,Xalak Majumdar,52,Male,Kolkata,25,1691.4,11,8,0
4c21636d-8647-4288-8fda-70638183e460,Om Toor,36,Male,Bangalore,18,1620.73,12,15,0
593aa339-bcff-493a-b905-0f79c2c057ce,Yasti Contractor,37,Female,Kolkata,17,754.03,42,10,1
898931f4-ff97-40b9-90e1-955e1f457e4d,Qadim Apte,35,Male,Bangalore,12,1844.82,16,6,0
130282cb-1301-4aea-a0ab-b114c313889c,Ishwar Dar,64,Female,Pune,6,1915.07,62,9,1
3ed5ad26-e066-4b27-a043-62bcb814caad,Rishi Ravel,58,Other,Kolkata,26,788.14,80,9,1
6ad02aec-df9f-4c91-98e3-82ba9b4c5a1e,Watika Dube,66,Male,Hyderabad,27,837.96,35,29,1
517ea82b-e63d-4fd4-a578-1056f40a50f4,Madhav Madan,31,Other,Chennai,8,1110.14,84,24,1
3dedb9bd-9505-4409-ac6b-d6c5585f7ca8,Osha Pingle,32,Other,Hyderabad,19,1894.02,7,19,0
7b6b0960-1e4b-4ef3-8054-7c0dbbd23746,Aradhana Virk,48,Male,Delhi,42,1777.37,68,17,1
1c9f6186-89fe-4651-b487-3dbc0624a1ad,Irya Srivastava,18,Male,Hyderabad,1,384.62,89,27,1
4112e83a-a756-4bfe-a0e9-28a0fc1a385b,Upasna Devi,20,Other,Pune,29,906.92,79,23,1
1381dccf-0df7-485c-b1ce-11b7abae179a,Aradhana Wali,33,Male,Mumbai,45,1196.07,35,19,1
ef57a1eb-2d33-4aca-9087-497ca68e5e6f,Anika Uppal,40,Female,Delhi,49,1105.64,27,28,0
900b43b2-9ae5-4da3-8361-746aa2a7df0b,Fariq Mall,28,Female,Kolkata,35,548.95,46,8,1
1d3e2b25-37b0-41e7-bc18-b628f77fcb2e,Osha Ahuja,29,Male,Delhi,40,1745.87,75,14,1
6a526453-7328-42f8-8283-524b1fa2e1ba,Meghana Hora,27,Other,Chennai,14,1418.49,29,3,0
2f30995e-aa72-430a-af2c-a0b44641d330,Maanav Pai,49,Male,Bangalore,35,1708.24,22,7,0
a0532aa6-3932-46cc-8c46-a445f2f20b6e,Amara Sane,33,Male,Kolkata,48,1745.78,15,8,0
f5e983b5-20a9-4c21-b486-b212452ae8e2,Pooja Sen,25,Other,Ahmedabad,45,1547.04,13,12,0
b8be46a5-0b3c-4295-9e45-fefceabe4818,Yashasvi Bala,55,Other,Delhi,20,990.58,73,8,1
125fee98-aefd-4862-8a13-0138f9c49795,Amaira Jayaraman,29,Female,Kolkata,49,1298.98,70,25,1
0b440bb4-8e38-49bc-9c2d-2c89c8eb6754,Ojas Lad,41,Other,Kolkata,13,488.66,51,3,1
b45f201c-25ec-41e0-bfcd-b74fdd808bd2,Urvi Rai,45,Female,Kolkata,38,1412.56,36,16,1
e0b8d28c-d3f1-4c5e-ba42-2daee83f10e2,Nitesh Bora,25,Other,Bangalore,49,522.66,28,15,0
b6c9143e-518d-4364-b725-6d14584604fe,Jyoti Bose,45,Male,Ahmedabad,46,1449.11,66,14,1
931430a7-fc74-4f96-967d-a63bb0014eb3,Ranbir Chawla,53,Female,Pune,49,613.28,14,2,0
207ccc40-bb5d-428e-b67e-f3d5f9e5b98d,Aditya Mukhopadhyay,43,Female,Hyderabad,8,411.59,46,24,1
48a0e450-7d7b-43ea-abd7-f81549790e4e,Chaitanya Misra,25,Female,Kolkata,43,497.51,45,19,1
06dc75e2-df7b-4a4b-8623-a2213065c973,Agastya Andra,67,Male,Mumbai,20,203.59,51,4,1
4be67f31-fa60-4987-b586-3fcbc058e174,Chatresh Ganguly,45,Male,Pune,33,1493.73,18,22,0
eaaae19d-2217-4899-8cfa-171120aa0946,Kiaan Bal,45,Male,Chennai,26,1518.32,76,4,1
6a06a3fb-894f-4302-ba6e-3e3032af88e6,Mekhala Chacko,54,Male,Bangalore,39,1126.88,20,19,0
3c1ffe7b-d94d-4c86-a405-30cd3e6602a1,Meera Buch,58,Male,Delhi,21,490.45,63,14,1
62e08e46-4bec-4146-a503-1c7e7a70fd24,Tripti Choudhary,53,Female,Bangalore,49,350.4,36,17,1
1d5b5126-77fa-489d-a301-fa8376a26e23,Thomas Vig,44,Male,Delhi,42,234.43,26,14,0
604b5274-5e4e-4349-8e45-9ac58ad7ab01,Yagnesh Kala,34,Female,Bangalore,43,498.35,54,1,1
34abe487-bc9b-4131-9b49-50e4f2c9a660,Yuvraj Dhillon,26,Male,Delhi,41,1803.54,28,28,0
47ae88c4-a0c8-4c00-994f-5b4b4f7b4b55,Manthan Kapur,50,Other,Kolkata,9,634.77,19,12,0
5ffba96b-0b99-48cf-b490-4275364afb97,Gauri Karpe,37,Female,Hyderabad,24,837.69,24,3,0
40c95765-8f9b-4cd4-9a5a-0d8a5f040842,Ijaya Chopra,30,Other,Delhi,37,389.62,69,9,1
110ab7eb-0709-4e5b-b416-0818e4ea83fc,Nandini Nair,45,Female,Ahmedabad,49,600.25,62,12,1
bcc9262b-6ebb-4e9e-a211-e787a764d8bb,Onveer Deshmukh,65,Other,Delhi,41,1134.6,35,9,1
220c29ef-f5a2-4cad-a5a1-fcf1307f5fe3,Eshana Golla,46,Male,Mumbai,17,1293.95,1,28,0
4d633143-1564-44b2-8b11-0ed52c646e77,Indira Jhaveri,30,Male,Delhi,24,641.63,21,8,0
5f39b536-89fb-4d20-b06e-a43e91c9280f,Gayathri Panchal,63,Male,Mumbai,21,303.92,15,7,0
90c596d9-c7d4-41da-b38a-eac9631c4de9,Yashvi Shankar,52,Female,Chennai,39,903.86,17,2,0
a7ef4133-716c-4468-9da6-8b07e7fa2158,Caleb Modi,23,Other,Kolkata,41,621.57,68,15,1
430ce9a1-1436-435c-8d9d-ce55e9a005cd,Faras Char,35,Male,Mumbai,39,595.2,53,13,1
a057fb00-8c65-43c4-afe8-638e3ec901ba,Vedika Sampath,68,Other,Hyderabad,13,1927.75,29,8,0
b3c2ff08-ec97-4639-a3c7-0c699d68c0b0,Dalbir Sani,22,Other,Pune,11,1309.34,44,29,1
ccf6bc15-bda2-4c10-9852-483ab77448f9,Dipta Sethi,64,Male,Kolkata,46,1202.38,18,20,0
704d920e-60fd-46fa-807f-c06086412d56,Bhavini Sachdeva,42,Male,Mumbai,19,948.4,86,10,1
26fff03e-dbdc-452d-9fc0-6bf2ab28303e,Aarush Kala,19,Other,Kolkata,11,972.1,33,2,1
c1d71fdc-7e8c-42f8-9fb3-ae2b56daec8b,Raghav Yadav,27,Male,Ahmedabad,13,1173.63,12,4,0
c461c9c0-50d8-4169-9fc3-69fa4c62708f,Ekantika Om,47,Male,Kolkata,46,1453.57,42,28,1
8bc49fcb-188e-4098-b4d2-804954c97536,Bakhshi Kala,67,Male,Kolkata,45,1463.86,61,9,1
bc660036-0251-422f-ae29-47b5c829d186,Manan Swamy,62,Female,Chennai,1,509.05,21,12,0
a34bceb2-4115-438d-9f18-f3cd1939b6b8,Reyansh Tiwari,22,Other,Hyderabad,40,1100.2,51,3,1
73be294a-42a3-4853-ba6c-c3d927e7e351,Nihal Deshmukh,50,Other,Bangalore,44,941.52,51,23,1
b964bbf2-b5de-4a5f-ac0b-0242b2691fb9,Jatin Jain,18,Female,Bangalore,19,1766.95,35,12,1
d4d8b8ed-3120-497c-96af-34b50548d3a4,Lajita Dar,35,Other,Mumbai,12,1336.55,72,11,1
22209963-c564-4cb9-9d56-8a6a2c9d7253,Rachita Bal,49,Male,Kolkata,8,1158.51,18,4,0
7e2a8dfc-06b5-49fe-95b8-acb86df4e804,Priya Tata,64,Other,Mumbai,8,407.71,37,9,1
4261fa5e-0405-4acb-81da-24280b74d652,Nathaniel Rajan,66,Male,Chennai,45,1290.15,69,27,1
10a87bae-15ae-4d17-a9bf-f2037723327e,Advik Bava,28,Female,Chennai,12,410.97,78,23,1
4c8b0e53-60b8-4238-99ef-e2c7a7057011,Kashvi Kant,38,Male,Delhi,48,806.97,56,8,1
42f2c8a8-3d68-40a9-b1a6-4b5352b37c9f,Anirudh Joshi,43,Other,Ahmedabad,33,457.12,19,19,0
f2913829-6865-44d6-bbd1-5466389c1187,Mekhala Venkatesh,42,Other,Chennai,45,1445.73,8,6,0
218956b4-2a5f-4a78-9093-aa5699c5a89e,Bachittar Ahuja,39,Other,Delhi,26,571.25,31,1,1
852d9b9b-671f-4b21-9bdc-69ce6bfb9804,Manbir Sanghvi,44,Female,Hyderabad,39,905.35,3,21,0
80b775b0-a328-4cee-925c-3fb7e63e8978,Anirudh Butala,66,Female,Mumbai,28,1812.21,49,23,1
32eb7655-e9bb-41ae-b231-40fe84172f6b,Aashi Sandal,30,Other,Pune,5,567.77,81,27,1
8ced7fa9-c491-428e-bc11-38d9393af6f1,Anamika Pradhan,50,Male,Hyderabad,8,1114.05,4,22,0
d2846cee-ed3a-4ab1-9c8a-e7a3a2dd4204,Yasti Badal,51,Female,Chennai,25,954.69,19,6,0
acbf5b0f-2fa7-490c-ba81-85d5d9fe5b90,Falguni Banik,58,Other,Hyderabad,27,232.62,86,7,1
52429196-2f23-4e72-9cda-e1300d561a9e,Warjas Kata,52,Other,Hyderabad,46,1626.96,74,6,1
b8cf01ed-b246-4f79-89ba-26a4286c1816,Patrick Jain,18,Female,Ahmedabad,23,324.28,36,20,1
8b908439-dda5-4a54-bd8f-cb9ec7f2ea7f,Hredhaan Mukhopadhyay,38,Female,Ahmedabad,30,1053.66,21,22,0
a52f302c-9ae6-4238-af8c-7d1e4628daaf,Kritika Chandra,65,Female,Ahmedabad,45,1209.22,57,28,1
f70887a2-724e-4185-af64-38f828c67655,Gauri Kapoor,23,Male,Hyderabad,47,1331.17,67,13,1
5ffc26e5-632a-4d7c-a56d-ab5c21824971,Nikita Basu,45,Male,Chennai,23,1439.54,43,25,1
85873ed3-225c-4890-a8cf-68c6e4942eaf,Dominic Mani,34,Other,Pune,49,655.89,33,18,1
25d1779e-fc65-400c-99aa-36a8af7537c9,Nidhi Mand,22,Female,Kolkata,47,217.96,76,4,1
cb7cf7fc-b4ab-4f02-b144-12ab0b7f3a12,Yochana Grover,48,Male,Hyderabad,20,1502.2,41,22,1
47fda49f-b9de-468c-a679-870eb8a87a53,Yasti Prabhu,22,Female,Delhi,18,1164.18,8,24,0
3e8e3066-b011-4d27-903d-298d4a4db46e,Nilima Raj,55,Other,Chennai,18,1705.01,6,17,0
7bbfb69f-10e2-42f1-84af-6a7cd5744fd2,Christopher Wali,20,Male,Hyderabad,2,1678.5,67,19,1
85b7f7ef-8597-46a9-bfa9-4c74e93a87d3,Ijaya Krish,40,Male,Pune,4,1717.99,18,11,0
cf7ab452-8735-4390-9bc9-e5e1e5040550,Vedant Manda,54,Male,Kolkata,30,1073.17,30,22,0
59e7eb78-ad48-4c85-bcb5-2df7c13427ff,Abha Minhas,54,Other,Ahmedabad,33,800.53,34,16,1
9be67ae6-9940-4e69-b560-50656737bae5,Baghyawati Chakraborty,27,Female,Chennai,36,1624.8,56,12,1
3cf8f834-0a3a-49a5-bfb4-72ec9dc1d119,Yash Master,27,Male,Bangalore,18,1012.33,84,1,1
7c14c8b3-edad-49d5-914c-c34097a15201,Jason Chada,36,Other,Kolkata,37,530.2,60,24,1
a90f6970-7ab7-4b08-83e1-69cf550cdfc3,Eshana Buch,34,Female,Delhi,19,1738.95,30,12,0
c6cb9faa-4f3c-4f2c-a0e9-2b6b620df5f7,Zansi Balasubramanian,38,Other,Hyderabad,47,1788.61,82,25,1
3bce5a81-0392-4f2d-be97-fb32150b0ab2,Sai Tripathi,31,Female,Pune,28,1039.36,52,6,1
204b34a3-874d-4163-af18-0acc9cddd477,Abdul Bir,26,Other,Bangalore,40,336.26,31,27,1
005da59a-8212-47b6-8160-94acb340ee68,Vedika Zachariah,63,Female,Pune,20,898.09,65,9,1
4f2c0684-16c8-4b27-be61-038fe200157a,Chaitanya Cherian,18,Male,Bangalore,49,1646.37,58,22,1
9f0e9293-65fe-4147-a7c1-9bc387a151f9,Umang Barad,68,Female,Chennai,33,1823.19,9,5,0
4285f0b0-0695-4836-9561-4e59147f53c6,Eshana Dyal,62,Other,Bangalore,12,566.25,1,2,0
e84a51f5-159e-4e1f-9ef0-09099c74796b,Chandresh Arora,30,Other,Delhi,15,320.55,65,25,1
ab23ca9f-426a-4308-b9b2-bd8062567bbe,Benjamin Ray,21,Female,Delhi,41,1779.23,59,2,1
c1a8bd9a-12cb-4dcb-a761-930e7929089d,Azaan Sawhney,18,Male,Mumbai,39,900.93,87,17,1
46b42c7a-4ec2-4ade-8ed2-3ec5a0933292,Advika Behl,66,Male,Delhi,2,1175.17,16,10,0
6def813d-015b-402c-864d-b7efcaf71583,Vasudha Dua,57,Female,Kolkata,29,1942.52,15,21,0
6c321a29-f6f4-49b3-998a-9d820d0c5525,Theodore Choudhary,49,Female,Bangalore,41,319.82,15,19,0
2e47d115-3bee-4c2c-8d6e-70ae9bcd3ef2,Elijah Munshi,51,Other,Delhi,10,1366.97,45,4,1
fa2ff659-5e2f-4a2f-83df-9414b29cf728,Janani Sawhney,45,Male,Chennai,2,333.39,38,18,1
9b346ac1-5839-4dfd-aca0-f470076d70c0,Diya Kale,48,Female,Pune,11,875.84,30,21,0
9330cc65-37b9-4035-9f8b-ed8b1ff46228,Qadim Subramaniam,25,Male,Ahmedabad,13,1646.87,87,26,1
4b61e4f3-9d4d-4f3a-a02f-afc4be96a08e,Rachit Balay,56,Female,Pune,10,980.25,0,27,0
4cee16e3-a2c9-4bae-8aac-fa2b087ebc67,Yashvi Sami,43,Female,Mumbai,14,1994.93,10,18,0
b307cc9a-027c-449d-a40d-98d2cf280767,Noah Ratti,51,Male,Pune,18,1206.31,84,29,1
9ad6c010-45a4-4be8-b0ed-2f19fb05e8d7,Ekansh Dayal,20,Female,Bangalore,9,778.09,3,14,0
aacc4d82-f1f8-4715-9ae6-a146244b4bd4,Jhalak Kapadia,67,Female,Mumbai,39,596.2,70,29,1
1ec9c1e1-2d51-4d27-9702-ceba45619c08,Qasim Nair,29,Other,Bangalore,28,830.94,25,15,0
85fc466a-7549-4564-9445-05b3cdb89a18,Nikita Agate,18,Female,Chennai,3,870.56,49,23,1
41e52ae5-ddc5-4e07-86c6-aa49c11afb9c,Patrick Ramakrishnan,61,Female,Mumbai,20,323.68,11,8,0
ebb7d00e-a72e-4fff-804a-4b3f5816388e,George Sarna,22,Female,Hyderabad,6,865.23,80,3,1
4a59d4c9-a33c-4ffc-964c-1c69851bb06a,Ridhi Badal,47,Other,Kolkata,27,1035.63,74,14,1
e0cab2ae-995f-4d71-ba85-fa4730c9bdd9,Lakshmi Solanki,47,Male,Kolkata,2,1500.93,64,24,1
9079dba7-84ae-4eea-93a1-b7aab1e6522b,Harish Bora,34,Other,Bangalore,29,1382.11,46,11,1
e55fa3dd-b3ad-4cb2-9234-2d2d5fc61b12,Tara Babu,65,Other,Pune,38,1475.78,52,22,1
b17cfd82-5f03-48e2-bb21-c7fb803a403d,Qadim Sahota,64,Male,Ahmedabad,3,215.05,70,2,1
5ef78af2-e8f0-4e4e-b3ff-05a9c4ee6994,Janani Walla,40,Other,Ahmedabad,16,591.8,1,22,0
0ef4cb85-4091-4cd3-9778-b72c88601544,Pooja Menon,32,Male,Hyderabad,30,1391.03,23,13,0
81034dcb-7b42-4e76-93dc-7be2a7606494,Bina Dhar,54,Other,Mumbai,40,1071.18,3,16,0
0ebf6359-a798-4567-bfd6-aeffcadc1521,Eta Ray,38,Male,Hyderabad,2,209.56,18,18,0
a1de35b4-33fd-43d0-b776-0573fc6ee51a,Akshay Upadhyay,31,Female,Hyderabad,17,1648.09,25,5,0
6f5f338f-738d-401a-9fc7-002783ac5205,Thomas Rattan,19,Other,Pune,41,1591.06,74,3,1
dabf874a-c6db-42dd-9b23-d936b52338be,Aryan Jani,28,Other,Ahmedabad,12,1187.15,39,6,1
333413ea-bc69-417a-bdfb-df233549048e,Kashvi Devi,68,Other,Mumbai,35,319.63,49,29,1
f57bdb0f-edf0-4b62-8186-ef72f379e29e,Harini Deshmukh,56,Other,Chennai,43,1579.73,42,18,1
7f159f52-27ed-4fe4-88e4-fc4ff3042532,Tanmayi Chanda,55,Female,Pune,1,1250.68,74,16,1
3fcefc86-b219-489f-a20e-d313adcf3c74,Vivaan Sami,51,Other,Hyderabad,45,1607.53,66,24,1
b1f245e4-da20-4647-9593-f6815c506e2e,Saumya Anand,55,Female,Hyderabad,15,1553.14,11,15,0
a7316448-2314-4126-af2b-bccb6a72b315,Reyansh Goel,67,Female,Chennai,26,1645.4,66,14,1
aff43397-9e50-410f-88e1-f2530bec9d95,Aarna Hegde,51,Female,Hyderabad,37,1132.41,26,21,0
082aabc3-9035-4ee3-8e98-fb3f7aac2bd1,Bimala Bal,35,Female,Hyderabad,21,452.58,53,7,1
22653d2d-fdbb-4758-aa94-72bcd39d33dc,Balhaar Gill,47,Male,Hyderabad,49,1408.08,65,18,1
ca4dd976-70a7-42d1-958a-de20e0e612f0,Anthony Contractor,32,Male,Kolkata,31,1316.85,48,7,1
01c96882-7116-49da-b937-b4619690745a,Oviya Hayer,44,Other,Pune,25,1536.06,15,17,0
f1e04e65-e37b-4678-b791-311232fd69fb,Balhaar Sood,68,Male,Delhi,23,505.79,1,27,0
90412598-cc66-46e4-8cd8-609e13400741,Saksham Bal,51,Male,Pune,24,550.96,59,15,1
6e3b7bd7-0b7b-4309-8bb6-05910d1dec5b,Ekaraj Sethi,69,Other,Chennai,38,1802.74,53,19,1
b7377e7d-71fc-4663-b404-ed46c29cc713,Balhaar Oak,55,Other,Hyderabad,28,1549.96,29,18,0
471618b4-8ca1-414a-9b04-9b830cba1278,Ijaya Sachar,50,Other,Pune,21,1834.81,83,9,1
df7e6ab3-7a05-49c5-bff5-8d51c3ade0fe,Anjali Ganesh,41,Male,Kolkata,43,1565.69,37,16,1
cd5f6caa-421e-4e23-a256-79010b998326,Oeshi Handa,32,Male,Ahmedabad,18,1274.88,27,12,0
70474bc2-bea3-4276-99c2-60c9308e2fb5,Jagrati Rajagopal,47,Other,Chennai,36,1377.44,24,12,0
2b438acb-513b-4534-a17c-6a101b98deec,Ranveer Chakraborty,59,Female,Bangalore,35,1800.43,9,6,0
9e012bf5-5d08-4a33-9de4-2bc9dc809e7b,Aarush Sinha,68,Other,Pune,45,1241.85,59,26,1
3e93c428-9a6e-4f2a-8648-80ae9318e1c3,Radhika Padmanabhan,34,Female,Bangalore,9,1338.3,41,9,1
b24ee715-7c2c-4870-98bc-2e78dcc00b78,Advik Ravi,22,Female,Hyderabad,38,481.66,39,1,1
d7d0a7e5-b2b3-4e2e-879f-e830434de91a,Anjali Magar,46,Other,Kolkata,30,1053.06,76,3,1
6addf718-9380-458b-8251-7560280631f1,Zaitra Zacharia,21,Other,Kolkata,44,1489.51,41,24,1
546e47ea-7472-4f3f-954b-668329ef8de6,Vinaya Gola,27,Other,Pune,34,687.7,46,5,1
b9ee5035-e464-4bfc-a355-a44adc7e4dd0,Nathaniel Prabhakar,34,Male,Chennai,32,564.06,36,23,1
55bc8ca5-9dc5-41aa-b13f-cd01dd97d8df,Meera Bava,27,Female,Chennai,3,764.89,79,17,1
38063b91-eb19-47f6-bcb2-7f03bd74f494,Hredhaan Agarwal,34,Male,Kolkata,3,634.7,21,22,0
53157880-1c47-43a3-bb55-42c9647bdeae,Upasna Jayaraman,37,Male,Chennai,28,586.84,56,5,1
3ad4e04c-91ff-4d03-808e-52fda8f3f0c4,William Narain,41,Other,Kolkata,44,964.73,83,28,1
5b4dbbc2-7795-4623-8a66-5e333d600f97,Yatin Karpe,22,Male,Pune,15,1834.11,26,29,0
baafac36-f606-4058-b3e6-17970c526aed,Vincent Morar,51,Other,Delhi,41,1112.71,40,24,1
2a6ad826-bdd0-4cb6-a096-bb5faf311a21,Eshana Puri,23,Female,Kolkata,23,538.26,79,22,1
eebd3c82-57dd-4d0d-8d72-317afda044fd,Jagrati Khare,19,Other,Bangalore,40,338.55,33,16,1
37e71d7d-ca9b-4fd8-a777-649f91484490,Barkha Dass,30,Male,Chennai,11,1453.08,31,13,1
0a72fafc-ab2d-4c7f-89b2-8e0f17e341d9,Pranav Srinivas,60,Male,Kolkata,48,889.04,89,23,1
db943039-90d8-4b7f-84c5-f3207b706885,Isaac Ravel,60,Other,Kolkata,32,1679.3,88,10,1
6220a937-02cd-4b14-85c6-23b626fd4830,Farhan Kumar,65,Other,Pune,36,1387.12,65,25,1
9563aece-b80c-4605-9fd9-bba7525c8e00,Sachi Pingle,28,Male,Chennai,33,1633.23,11,18,0
d8ecd402-979f-4a56-a9b1-55050c078481,Kavya Narang,68,Female,Delhi,24,689.5,39,29,1
41a7adcb-ca14-490f-b04a-ae21321b0c1f,Vedant Pandya,64,Female,Pune,39,1446.25,72,1,1
3db0f02d-bf43-4662-8cc2-7c8a82f83b45,Wakeeta Soman,40,Other,Delhi,34,675.31,75,27,1
3870d82c-9258-4acf-9437-a8d61258dfd1,Thomas Dugal,33,Female,Ahmedabad,28,1890.32,89,2,1
b0289b58-d7e4-4e94-a0ca-c7e1c6697320,Max Doctor,48,Male,Pune,37,1345.47,72,10,1
8157e367-8f7f-4d3b-9bf9-c51d6e20e733,Bhavya Puri,28,Other,Chennai,7,784.12,9,5,0
6ec53c9c-37a0-4478-86ef-aa105ee3e749,Zashil Dhawan,33,Male,Mumbai,4,685.12,47,28,1
859be87b-e967-4831-8eab-bdf3efda39e2,Harita Buch,25,Male,Chennai,37,543.67,19,13,0
9446f8bb-6c9f-4922-9095-9b76699b8ee8,Ayaan Hayre,21,Female,Chennai,1,1450.35,38,18,1
9101c215-f1be-4f03-9dee-7595dd0676a0,Anika Batta,57,Other,Delhi,1,593.69,59,25,1
3bd2b3a0-06ac-4b0b-84e7-9a6e6d325dbf,Daksh Bhatnagar,21,Other,Delhi,47,1271.55,65,15,1
efb519dd-b990-4160-8d24-f9ad971b6644,Chaitaly Contractor,42,Female,Chennai,20,676.34,64,20,1
7a17dc6b-4160-42b9-ab48-b1fe2345fe50,Aarnav Dube,20,Male,Chennai,19,1391.54,50,21,1
c1bab3d9-2079-4b45-afd5-093bcb7a5748,Om Radhakrishnan,49,Male,Chennai,29,1666.89,35,23,1
2ad55e74-6564-44c1-ac53-e135c4da024f,Noah Iyer,20,Male,Delhi,10,1600.45,23,6,0
5f96488f-872d-4ce7-908e-b432108fee29,Alka Samra,44,Male,Chennai,18,1569.53,26,29,0
f57d295f-f00d-4858-be6a-0cdb1c121d1c,Abhiram Dua,46,Other,Chennai,28,537.9,1,26,0
e3d09fb1-c919-4b9e-8d2d-e4fc6eb734ef,Mitesh Dass,49,Other,Ahmedabad,35,359.09,30,7,0
ec6f5e7b-49d5-4655-a4dd-2b58b8f1fd87,Ekapad Bahri,67,Female,Hyderabad,43,1458.11,56,18,1
a56212ff-46eb-4d9e-8a36-0a7fbbe16924,Aayush Sengupta,68,Female,Mumbai,47,863.02,77,19,1
6b1fcf78-f797-464f-a7ab-f738bf60af9a,Nitesh Chaudhary,36,Other,Bangalore,31,978.22,65,15,1
39fefdb4-75d6-41ba-a297-83babaa217c1,Upma Nayak,38,Other,Mumbai,27,256.07,28,21,0
ac932e02-8343-475e-aeea-ff0d8265c470,Vedika Nair,22,Male,Hyderabad,11,667.24,14,26,0
f39db037-a7d5-47f4-82cc-5078f1439cb5,Tristan Sawhney,35,Male,Bangalore,49,260.62,11,6,0
dfc8c5b1-ff27-4794-9b08-22e94891583a,Harish Panchal,45,Female,Pune,49,1782.53,27,8,0
847cdf28-b280-4c91-ac42-4dbe60f6ff65,Tara Sahni,59,Other,Chennai,38,638.11,83,12,1
186ce99b-fb4a-4c81-b8df-896d2e465e5f,Dhruv Gade,39,Female,Hyderabad,5,1203.21,23,0,0
9a992dd5-b8ac-4316-a953-3ab777a1058c,Urvi Wason,38,Other,Ahmedabad,8,270.16,20,28,0
d09754a3-f3ff-46d7-9341-6859238ab40f,Jai Randhawa,23,Male,Pune,34,1400.33,9,7,0
038c1f65-9c3b-47f2-abed-1ed1b26af1ae,Prisha Dani,18,Female,Chennai,48,781.45,77,23,1
35f07913-94f9-444a-8314-8c82f0199184,Frederick Golla,22,Female,Delhi,12,1816.25,17,21,0
05d49727-da54-445d-82e4-6884942b821d,Damyanti Karan,58,Other,Kolkata,38,1798.61,87,3,1
3851d574-7698-481d-a031-a2098befb683,Tara Bhat,29,Male,Hyderabad,1,785.52,13,2,0
45a53e72-f91b-46d6-8566-90da6ca20fc8,Ijaya Goel,43,Female,Delhi,31,1821.73,33,26,1
444a502e-d88e-464a-af7b-e0c628ac6528,Mahika Savant,63,Male,Hyderabad,4,1993.08,57,2,1
5733fdbc-a7c1-4924-92e6-d745b918ad00,Yahvi Lalla,51,Female,Ahmedabad,49,1685.75,75,21,1
a5d544b9-04ae-4db0-80b9-04396fce4f3d,Abhimanyu Sama,66,Male,Hyderabad,45,1720.77,21,12,0
31436817-d548-46b3-8b18-7dda5d617b82,Advik Batta,31,Other,Delhi,5,648.22,69,7,1
c22a6889-f632-4b25-815f-f689497b04e7,Omya Gour,43,Female,Ahmedabad,30,1238.06,35,6,1
72c7a0f7-88c2-4bab-b297-7443ccf5c5dd,Ubika Rai,62,Female,Bangalore,24,321.06,44,26,1
0a5809d4-88af-4b24-9858-5c40a4cc533b,Nihal Chada,44,Male,Mumbai,3,370.85,35,0,1
df09b842-0157-4383-b185-89a7c422c370,Kamya Ravel,26,Male,Chennai,11,1998.01,21,26,0
7b12955a-5610-44e7-a16a-1f8dcc0f4ef3,Vyanjana Purohit,43,Female,Hyderabad,45,787.95,77,15,1
477eaa9e-ff8b-46f0-a48c-e51b864db4e5,Sara Singh,64,Other,Chennai,4,1546.73,79,5,1
e5bad654-d39e-4f00-bd40-161132a538e8,Radha Contractor,39,Male,Kolkata,26,1652.0,60,6,1
74addf67-9456-40b0-970e-0b4afd719165,Wakeeta Wali,64,Male,Delhi,27,1744.44,55,11,1
85874557-a0e5-40c7-897b-1605e2d64dc2,Ladli Kade,47,Male,Chennai,46,1995.73,88,22,1
3b0ef457-b030-435f-b2b7-60b4e73189f4,Meghana Grover,60,Female,Delhi,43,634.69,32,8,1
f3fe8dee-3e3a-4c5d-885a-05a7519d50b2,Caleb Kalla,65,Female,Chennai,27,272.63,44,26,1
dba69fdd-f17c-4c3a-a59a-e17d6994fe55,Anvi Khanna,34,Female,Mumbai,42,940.14,35,10,1
53d408b0-8aa4-491f-941a-1dfd0499cd41,Jackson Naidu,43,Female,Mumbai,6,434.15,19,9,0
92e99acf-46d4-459e-a284-66fc3f6b717c,Raghav Kalita,53,Other,Ahmedabad,15,240.37,17,20,0
6dcaa2ae-284c-407c-b9da-7ff6984755a3,Gavin Peri,18,Other,Mumbai,30,848.77,37,0,1
d9aa0588-1ef2-46b4-b1ec-3f75bbc52407,Niharika Rout,25,Female,Ahmedabad,42,1610.73,66,17,1
11aa0e1b-7f72-468e-9175-6006ffe18879,Gaurav Acharya,66,Other,Mumbai,37,1219.13,22,3,0
b8811061-e9a6-4f61-898a-bc25f31f61f0,Abha Raja,52,Male,Mumbai,37,763.0,15,4,0
c71f0fde-fbec-4aed-9fa3-e3f29efc6d40,Vrishti Gaba,69,Male,Mumbai,42,1377.82,58,8,1
ab1f4569-eaed-4565-9cc7-edbf216c0732,Abhimanyu Bumb,32,Male,Delhi,37,617.63,68,26,1
6bb95d30-c860-4faa-9c56-8cadc83518c4,Yachana Deep,64,Female,Hyderabad,35,225.89,67,16,1
967fd69e-9eef-4eb0-b5a9-97cc1cc9d742,Aryan Tella,39,Male,Ahmedabad,23,1575.84,20,2,0
924a4b29-7b7f-4fc9-a3c3-775dbd856516,Aachal Nadkarni,31,Other,Chennai,6,1322.74,77,15,1
7817ee6c-26ed-48c7-8619-5935b0980ccb,Wyatt Swamy,43,Female,Mumbai,4,1572.14,77,4,1
8a13f547-f91b-4807-a723-b865000ad5df,Jackson Keer,45,Other,Delhi,18,270.09,69,15,1
f700ae55-28f4-4d69-a878-88850245e2ea,Diya Ravel,40,Male,Delhi,9,1706.82,11,2,0
533e3e4d-aebe-4bf6-9cb0-4f5607647f43,Agastya Rai,31,Male,Delhi,49,1315.15,15,19,0
5eb3dd47-a073-46ef-acc0-d0f6c3d8ded6,Rachita Chauhan,41,Male,Ahmedabad,29,1214.11,80,14,1
ed2ef09e-ad1c-4fae-8904-feae9d549013,Qarin Deshmukh,19,Female,Hyderabad,13,1324.31,86,29,1
ecd4bb82-3b0c-49c6-9171-67e80fa4660a,Charan Banerjee,62,Other,Ahmedabad,47,1755.98,13,2,0
3af1e34a-01fc-45b6-baa9-c913a991e681,Aadhya DAlia,43,Female,Chennai,17,1256.49,60,19,1
3eb356bd-af64-42dc-9597-1a9cbb2c6ba6,Mitesh Radhakrishnan,31,Female,Hyderabad,45,1245.71,70,13,1
f057c1ab-4054-4ed3-8b07-77f7734dc676,Onveer Mital,68,Male,Bangalore,32,1983.22,45,15,1
ee1bebc4-9151-4e1d-ad89-21556075c33a,Yashoda Kala,24,Female,Pune,48,1562.11,31,28,1
356ba552-1bba-4b42-a40d-f5083d0e0a1b,Falan Dora,20,Female,Delhi,22,996.13,14,28,0
778cab35-49bb-4de7-aa43-a5a9c8d341d1,Nirja Hari,64,Male,Ahmedabad,4,1473.31,43,16,1
73390c01-1173-4d9f-bd08-f38fad0d4263,Tanay Mann,40,Female,Bangalore,5,900.61,16,27,0
91018028-a1f4-4351-ac32-a27927057d6e,Fariq Chaudry,63,Male,Kolkata,37,611.98,40,23,1
97e4e0fb-06b2-4919-96df-480563f42746,Anthony Randhawa,60,Male,Ahmedabad,41,1274.33,53,19,1
c704765b-36cb-401d-bd6d-6f63b18bdea2,Anirudh Khurana,64,Male,Mumbai,49,1870.73,43,22,1
f75622c4-863d-4148-b8b5-a91aacff6dc8,Daniel Madan,62,Male,Pune,13,1872.45,4,17,0
648ac52e-863f-4759-8abf-3fccb0740721,Hemani Pant,35,Female,Mumbai,34,815.43,26,17,0
c03d374d-ea1e-444f-bd77-050418003ece,Mekhala Char,55,Male,Hyderabad,45,1149.82,86,21,1
